      Freq,       |Av|,       /_Av,       |Ai|,       /_Ai,       |Ap|,       /_Ap,    Re(Vin),    Im(Vin),   Re(Vout),   Im(Vout),     Re(Av),     Im(Av),    Re(Iin),    Im(Iin),   Re(Iout),   Im(Iout),     Re(Ai),     Im(Ai),    Re(Zin),    Im(Zin),   Re(Zout),   Im(Zout),    Re(Pin),    Im(Pin),   Re(Pout),   Im(Pout)
        Hz,         dB,       Rads,         dB,       Rads,         dB,       Rads,          V,          V,          V,          V,          L,          L,          A,          A,          A,          A,          L,          L,       Ohms,       Ohms,       Ohms,       Ohms,          W,          W,          W,          W
 1.000e+01, -1.091e-11, -3.996e-05,  1.089e-11, -3.990e-05, -8.679e-15, -6.283e-08,  2.500e+00,  7.854e-08,  2.500e+00, -9.982e-05,  1.000e+00, -3.996e-05,  5.000e-02, -1.571e-09,  5.000e-02, -1.996e-06,  1.000e+00, -3.990e-05,  5.000e+01,  3.142e-06,  5.000e+01,  3.142e-06,  1.250e-01,  7.854e-09,  1.250e-01, -8.470e-22,
 4.017e+04,  5.404e-04, -1.602e-01, -5.430e-04, -1.610e-01, -1.288e-06,  7.701e-04,  2.500e+00, -9.626e-04,  2.468e+00, -3.997e-01,  9.873e-01, -1.595e-01,  5.000e-02,  1.925e-05,  4.936e-02, -7.994e-03,  9.870e-01, -1.603e-01,  4.999e+01, -3.850e-02,  4.999e+01, -3.850e-02,  1.250e-01, -9.626e-05,  1.250e-01,  0.000e+00,
 8.033e+04,  1.054e-02, -3.185e-01, -1.078e-02, -3.258e-01, -1.174e-04,  7.353e-03,  2.497e+00, -9.192e-03,  2.371e+00, -7.916e-01,  9.509e-01, -3.135e-01,  5.006e-02,  1.838e-04,  4.743e-02, -1.583e-02,  9.462e-01, -3.197e-01,  4.988e+01, -3.668e-01,  4.988e+01, -3.668e-01,  1.250e-01, -9.192e-04,  1.250e-01,  0.000e+00,
 1.205e+05,  5.373e-02, -4.740e-01, -5.623e-02, -4.980e-01, -1.247e-03,  2.396e-02,  2.484e+00, -2.996e-02,  2.210e+00, -1.168e+00,  8.953e-01, -4.593e-01,  5.032e-02,  5.991e-04,  4.420e-02, -2.336e-02,  8.729e-01, -4.746e-01,  4.936e+01, -1.183e+00,  4.936e+01, -1.183e+00,  1.250e-01, -2.996e-03,  1.250e-01,  0.000e+00,
 1.607e+05,  1.658e-01, -6.274e-01, -1.774e-01, -6.790e-01, -5.786e-03,  5.161e-02,  2.451e+00, -6.450e-02,  1.984e+00, -1.520e+00,  8.252e-01, -5.984e-01,  5.099e-02,  1.290e-03,  3.967e-02, -3.039e-02,  7.625e-01, -6.153e-01,  4.800e+01, -2.479e+00,  4.800e+01, -2.479e+00,  1.249e-01, -6.450e-03,  1.249e-01,  0.000e+00,
 2.008e+05,  3.906e-01, -7.817e-01, -4.231e-01, -8.681e-01, -1.625e-02,  8.645e-02,  2.383e+00, -1.079e-01,  1.689e+00, -1.836e+00,  7.424e-01, -7.369e-01,  5.234e-02,  2.158e-03,  3.379e-02, -3.672e-02,  6.155e-01, -7.268e-01,  4.536e+01, -3.931e+00,  4.536e+01, -3.931e+00,  1.245e-01, -1.079e-02,  1.245e-01, -6.939e-18,
 2.410e+05,  7.770e-01, -9.430e-01, -8.380e-01, -1.061e+00, -3.048e-02,  1.183e-01,  2.267e+00, -1.468e-01,  1.326e+00, -2.101e+00,  6.423e-01, -8.851e-01,  5.465e-02,  2.936e-03,  2.653e-02, -4.202e-02,  4.428e-01, -7.927e-01,  4.123e+01, -4.902e+00,  4.123e+01, -4.902e+00,  1.235e-01, -1.468e-02,  1.235e-01, -1.388e-17,
 2.811e+05,  1.373e+00, -1.123e+00, -1.446e+00, -1.252e+00, -3.654e-02,  1.295e-01,  2.096e+00, -1.579e-01,  8.970e-01, -2.293e+00,  5.074e-01, -1.056e+00,  5.807e-02,  3.159e-03,  1.794e-02, -4.586e-02,  2.652e-01, -8.041e-01,  3.584e+01, -4.669e+00,  3.584e+01, -4.669e+00,  1.212e-01, -1.579e-02,  1.212e-01, -1.388e-17,
 3.213e+05,  2.202e+00, -1.341e+00, -2.239e+00, -1.434e+00, -1.877e-02,  9.291e-02,  1.873e+00, -1.089e-01,  4.140e-01, -2.382e+00,  2.940e-01, -1.255e+00,  6.254e-02,  2.179e-03,  8.280e-03, -4.764e-02,  1.057e-01, -7.655e-01,  2.986e+01, -2.782e+00,  2.986e+01, -2.782e+00,  1.169e-01, -1.089e-02,  1.169e-01,  0.000e+00,
 3.615e+05,  3.180e+00, -1.631e+00, -3.184e+00, -1.600e+00, -2.105e-03, -3.113e-02,  1.623e+00,  3.413e-02, -9.102e-02, -2.339e+00, -8.635e-02, -1.439e+00,  6.754e-02, -6.826e-04, -1.820e-03, -4.678e-02, -1.995e-02, -6.928e-01,  2.402e+01,  7.481e-01,  2.402e+01,  7.481e-01,  1.096e-01,  3.413e-03,  1.096e-01,  0.000e+00,
 4.016e+05,  3.871e+00, -2.033e+00, -4.231e+00, -1.747e+00, -1.803e-01, -2.861e-01,  1.394e+00,  2.907e-01, -5.649e-01, -2.150e+00, -6.969e-01, -1.397e+00,  7.213e-02, -5.815e-03, -1.130e-02, -4.300e-02, -1.079e-01, -6.048e-01,  1.887e+01,  5.552e+00,  1.887e+01,  5.552e+00,  9.883e-02,  2.907e-02,  9.883e-02,  6.939e-18,
 4.418e+05,  3.347e+00, -2.527e+00, -5.335e+00, -1.876e+00, -9.938e-01, -6.510e-01,  1.244e+00,  6.480e-01, -9.456e-01, -1.833e+00, -1.201e+00, -8.474e-01,  7.512e-02, -1.296e-02, -1.891e-02, -3.665e-02, -1.627e-01, -5.160e-01,  1.464e+01,  1.115e+01,  1.464e+01,  1.115e+01,  8.506e-02,  6.480e-02,  8.506e-02,  1.388e-17,
 4.819e+05,  1.275e+00, -2.975e+00, -6.457e+00, -1.988e+00, -2.591e+00, -9.876e-01,  1.218e+00,  1.057e+00, -1.188e+00, -1.441e+00, -1.142e+00, -1.917e-01,  7.565e-02, -2.115e-02, -2.376e-02, -2.882e-02, -1.926e-01, -4.348e-01,  1.131e+01,  1.714e+01,  1.131e+01,  1.714e+01,  6.975e-02,  1.057e-01,  6.975e-02, -6.939e-18,
 5.221e+05, -1.488e+00,  2.989e+00, -7.570e+00, -2.084e+00, -4.529e+00, -1.211e+00,  1.320e+00,  1.455e+00, -1.286e+00, -1.043e+00, -8.328e-01,  1.281e-01,  7.360e-02, -2.910e-02, -2.571e-02, -2.085e-02, -2.052e-01, -3.645e-01,  8.749e+00,  2.323e+01,  8.749e+00,  2.323e+01,  5.480e-02,  1.455e-01,  5.480e-02,  0.000e+00,
 5.623e+05, -4.237e+00,  2.775e+00, -8.659e+00, -2.166e+00, -6.448e+00, -1.342e+00,  1.522e+00,  1.792e+00, -1.267e+00, -6.915e-01, -5.731e-01,  2.203e-01,  6.955e-02, -3.583e-02, -2.535e-02, -1.383e-02, -2.070e-01, -3.055e-01,  6.809e+00,  2.927e+01,  6.809e+00,  2.927e+01,  4.168e-02,  1.792e-01,  4.168e-02, -6.939e-18,
 6.024e+05, -6.757e+00,  2.625e+00, -9.713e+00, -2.238e+00, -8.235e+00, -1.420e+00,  1.782e+00,  2.045e+00, -1.176e+00, -4.126e-01, -3.994e-01,  2.268e-01,  6.435e-02, -4.090e-02, -2.352e-02, -8.252e-03, -2.022e-01, -2.568e-01,  5.341e+00,  3.517e+01,  5.341e+00,  3.517e+01,  3.106e-02,  2.045e-01,  3.106e-02,  5.204e-18,
 6.426e+05, -9.032e+00,  2.515e+00, -1.073e+01, -2.300e+00, -9.880e+00, -1.468e+00,  2.062e+00,  2.217e+00, -1.050e+00, -2.074e-01, -2.864e-01,  2.072e-01,  5.876e-02, -4.433e-02, -2.100e-02, -4.148e-03, -1.938e-01, -2.168e-01,  4.228e+00,  4.091e+01,  4.228e+00,  4.091e+01,  2.291e-02,  2.217e-01,  2.291e-02,  2.602e-18,
 6.827e+05, -1.109e+01,  2.430e+00, -1.170e+01, -2.355e+00, -1.140e+01, -1.498e+00,  2.336e+00,  2.320e+00, -9.159e-01, -6.461e-02, -2.113e-01,  1.821e-01,  5.327e-02, -4.639e-02, -1.832e-02, -1.292e-03, -1.836e-01, -1.841e-01,  3.379e+00,  4.648e+01,  3.379e+00,  4.648e+01,  1.686e-02,  2.320e-01,  1.686e-02,  3.253e-18,
 7.229e+05, -1.297e+01,  2.362e+00, -1.263e+01, -2.403e+00, -1.280e+01, -1.518e+00,  2.591e+00,  2.370e+00, -7.885e-01,  3.042e-02, -1.598e-01,  1.579e-01,  4.817e-02, -4.741e-02, -1.577e-02,  6.084e-04, -1.726e-01, -1.572e-01,  2.726e+00,  5.189e+01,  2.726e+00,  5.189e+01,  1.245e-02,  2.370e-01,  1.245e-02, -9.216e-19,
 7.631e+05, -1.470e+01,  2.306e+00, -1.353e+01, -2.445e+00, -1.411e+01, -1.532e+00,  2.822e+00,  2.384e+00, -6.742e-01,  9.101e-02, -1.235e-01,  1.366e-01,  4.356e-02, -4.768e-02, -1.348e-02,  1.820e-03, -1.616e-01, -1.351e-01,  2.219e+00,  5.715e+01,  2.219e+00,  5.715e+01,  9.257e-03,  2.384e-01,  9.257e-03, -6.505e-19,
 8.032e+05, -1.630e+01,  2.258e+00, -1.438e+01, -2.483e+00, -1.534e+01, -1.542e+00,  3.027e+00,  2.372e+00, -5.751e-01,  1.277e-01, -9.723e-02,  1.184e-01,  3.947e-02, -4.744e-02, -1.150e-02,  2.553e-03, -1.510e-01, -1.168e-01,  1.822e+00,  6.229e+01,  1.822e+00,  6.229e+01,  6.940e-03,  2.372e-01,  6.940e-03,  4.337e-19,
 8.434e+05, -1.779e+01,  2.218e+00, -1.520e+01, -2.517e+00, -1.649e+01, -1.548e+00,  3.207e+00,  2.342e+00, -4.906e-01,  1.481e-01, -7.775e-02,  1.030e-01,  3.586e-02, -4.685e-02, -9.812e-03,  2.962e-03, -1.409e-01, -1.016e-01,  1.509e+00,  6.730e+01,  1.509e+00,  6.730e+01,  5.252e-03,  2.342e-01,  5.252e-03, -6.505e-19,
 8.835e+05, -1.918e+01,  2.182e+00, -1.599e+01, -2.548e+00, -1.759e+01, -1.553e+00,  3.366e+00,  2.302e+00, -4.193e-01,  1.577e-01, -6.303e-02,  8.997e-02,  3.268e-02, -4.604e-02, -8.386e-03,  3.155e-03, -1.315e-01, -8.878e-02,  1.259e+00,  7.222e+01,  1.259e+00,  7.222e+01,  4.014e-03,  2.302e-01,  4.014e-03, -2.168e-19,
 9.237e+05, -2.050e+01,  2.150e+00, -1.674e+01, -2.576e+00, -1.862e+01, -1.557e+00,  3.506e+00,  2.255e+00, -3.594e-01,  1.603e-01, -5.171e-02,  7.899e-02,  2.988e-02, -4.509e-02, -7.187e-03,  3.207e-03, -1.228e-01, -7.801e-02,  1.058e+00,  7.705e+01,  1.058e+00,  7.705e+01,  3.097e-03,  2.255e-01,  3.097e-03, -2.168e-19,
 9.639e+05, -2.174e+01,  2.122e+00, -1.747e+01, -2.601e+00, -1.961e+01, -1.560e+00,  3.629e+00,  2.203e+00, -3.091e-01,  1.584e-01, -4.287e-02,  6.967e-02,  2.742e-02, -4.407e-02, -6.182e-03,  3.168e-03, -1.147e-01, -6.888e-02,  8.956e-01,  8.180e+01,  8.956e-01,  8.180e+01,  2.412e-03,  2.203e-01,  2.412e-03,  0.000e+00,
 1.004e+06, -2.293e+01,  2.097e+00, -1.817e+01, -2.624e+00, -2.055e+01, -1.562e+00,  3.738e+00,  2.150e+00, -2.668e-01,  1.536e-01, -3.587e-02,  6.174e-02,  2.524e-02, -4.300e-02, -5.337e-03,  3.073e-03, -1.073e-01, -6.111e-02,  7.627e-01,  8.648e+01,  7.627e-01,  8.648e+01,  1.896e-03,  2.150e-01,  1.896e-03,  1.084e-19,
 1.044e+06, -2.405e+01,  2.074e+00, -1.884e+01, -2.645e+00, -2.144e+01, -1.564e+00,  3.835e+00,  2.096e+00, -2.313e-01,  1.472e-01, -3.027e-02,  5.495e-02,  2.331e-02, -4.192e-02, -4.625e-03,  2.945e-03, -1.005e-01, -5.444e-02,  6.534e-01,  9.111e+01,  6.534e-01,  9.111e+01,  1.503e-03,  2.096e-01,  1.503e-03,  2.168e-19,
 1.084e+06, -2.512e+01,  2.054e+00, -1.949e+01, -2.665e+00, -2.230e+01, -1.565e+00,  3.921e+00,  2.042e+00, -2.012e-01,  1.400e-01, -2.574e-02,  4.911e-02,  2.159e-02, -4.085e-02, -4.024e-03,  2.799e-03, -9.426e-02, -4.870e-02,  5.629e-01,  9.568e+01,  5.629e-01,  9.568e+01,  1.201e-03,  2.042e-01,  1.201e-03,  0.000e+00,
 1.125e+06, -2.615e+01,  2.035e+00, -2.011e+01, -2.683e+00, -2.313e+01, -1.566e+00,  3.998e+00,  1.990e+00, -1.758e-01,  1.323e-01, -2.204e-02,  4.406e-02,  2.005e-02, -3.979e-02, -3.515e-03,  2.646e-03, -8.852e-02, -4.373e-02,  4.874e-01,  1.002e+02,  4.874e-01,  1.002e+02,  9.677e-04,  1.990e-01,  9.677e-04, -1.084e-19,
 1.165e+06, -2.713e+01,  2.017e+00, -2.072e+01, -2.699e+00, -2.392e+01, -1.567e+00,  4.067e+00,  1.938e+00, -1.541e-01,  1.245e-01, -1.898e-02,  3.967e-02,  1.867e-02, -3.876e-02, -3.082e-03,  2.491e-03, -8.324e-02, -3.941e-02,  4.241e-01,  1.047e+02,  4.241e-01,  1.047e+02,  7.851e-04,  1.938e-01,  7.851e-04, -5.421e-20,
 1.205e+06, -2.808e+01,  2.001e+00, -2.130e+01, -2.715e+00, -2.469e+01, -1.567e+00,  4.129e+00,  1.888e+00, -1.356e-01,  1.170e-01, -1.645e-02,  3.585e-02,  1.743e-02, -3.777e-02, -2.712e-03,  2.339e-03, -7.838e-02, -3.564e-02,  3.707e-01,  1.091e+02,  3.707e-01,  1.091e+02,  6.413e-04,  1.888e-01,  6.413e-04, -5.421e-20,
 1.245e+06, -2.899e+01,  1.986e+00, -2.187e+01, -2.729e+00, -2.543e+01, -1.568e+00,  4.185e+00,  1.840e+00, -1.198e-01,  1.096e-01, -1.433e-02,  3.250e-02,  1.631e-02, -3.680e-02, -2.395e-03,  2.193e-03, -7.391e-02, -3.233e-02,  3.254e-01,  1.136e+02,  3.254e-01,  1.136e+02,  5.273e-04,  1.840e-01,  5.273e-04,  0.000e+00,
 1.285e+06, -2.987e+01,  1.972e+00, -2.241e+01, -2.743e+00, -2.614e+01, -1.568e+00,  4.235e+00,  1.793e+00, -1.061e-01,  1.027e-01, -1.254e-02,  2.955e-02,  1.529e-02, -3.587e-02, -2.122e-03,  2.054e-03, -6.980e-02, -2.942e-02,  2.868e-01,  1.180e+02,  2.868e-01,  1.180e+02,  4.361e-04,  1.793e-01,  4.361e-04,  0.000e+00,
 1.325e+06, -3.072e+01,  1.959e+00, -2.295e+01, -2.755e+00, -2.683e+01, -1.569e+00,  4.282e+00,  1.749e+00, -9.434e-02,  9.612e-02, -1.103e-02,  2.695e-02,  1.437e-02, -3.497e-02, -1.887e-03,  1.922e-03, -6.600e-02, -2.684e-02,  2.538e-01,  1.223e+02,  2.538e-01,  1.223e+02,  3.628e-04,  1.749e-01,  3.628e-04,  8.132e-20,
 1.365e+06, -3.153e+01,  1.947e+00, -2.346e+01, -2.767e+00, -2.750e+01, -1.569e+00,  4.324e+00,  1.706e+00, -8.413e-02,  8.996e-02, -9.736e-03,  2.465e-02,  1.353e-02, -3.411e-02, -1.683e-03,  1.799e-03, -6.248e-02, -2.455e-02,  2.253e-01,  1.267e+02,  2.253e-01,  1.267e+02,  3.034e-04,  1.706e-01,  3.034e-04,  0.000e+00,
 1.406e+06, -3.233e+01,  1.936e+00, -2.396e+01, -2.778e+00, -2.815e+01, -1.569e+00,  4.362e+00,  1.664e+00, -7.526e-02,  8.421e-02, -8.631e-03,  2.260e-02,  1.276e-02, -3.328e-02, -1.505e-03,  1.684e-03, -5.923e-02, -2.252e-02,  2.008e-01,  1.310e+02,  2.008e-01,  1.310e+02,  2.551e-04,  1.664e-01,  2.551e-04,  0.000e+00,
 1.446e+06, -3.310e+01,  1.925e+00, -2.445e+01, -2.789e+00, -2.877e+01, -1.569e+00,  4.397e+00,  1.624e+00, -6.751e-02,  7.885e-02, -7.679e-03,  2.077e-02,  1.205e-02, -3.249e-02, -1.350e-03,  1.577e-03, -5.622e-02, -2.070e-02,  1.795e-01,  1.353e+02,  1.795e-01,  1.353e+02,  2.155e-04,  1.624e-01,  2.155e-04, -1.355e-20,
 1.486e+06, -3.384e+01,  1.915e+00, -2.492e+01, -2.799e+00, -2.938e+01, -1.570e+00,  4.430e+00,  1.586e+00, -6.072e-02,  7.387e-02, -6.856e-03,  1.913e-02,  1.140e-02, -3.173e-02, -1.214e-03,  1.477e-03, -5.342e-02, -1.908e-02,  1.609e-01,  1.396e+02,  1.609e-01,  1.396e+02,  1.829e-04,  1.586e-01,  1.829e-04, -1.355e-20,
 1.526e+06, -3.456e+01,  1.905e+00, -2.539e+01, -2.808e+00, -2.998e+01, -1.570e+00,  4.460e+00,  1.550e+00, -5.476e-02,  6.924e-02, -6.141e-03,  1.766e-02,  1.081e-02, -3.100e-02, -1.095e-03,  1.385e-03, -5.082e-02, -1.762e-02,  1.446e-01,  1.438e+02,  1.446e-01,  1.438e+02,  1.559e-04,  1.550e-01,  1.559e-04, -1.355e-20,
 1.566e+06, -3.527e+01,  1.897e+00, -2.584e+01, -2.817e+00, -3.055e+01, -1.570e+00,  4.487e+00,  1.515e+00, -4.950e-02,  6.495e-02, -5.518e-03,  1.634e-02,  1.025e-02, -3.029e-02, -9.901e-04,  1.299e-03, -4.840e-02, -1.630e-02,  1.304e-01,  1.481e+02,  1.304e-01,  1.481e+02,  1.334e-04,  1.515e-01,  1.334e-04,  0.000e+00,
 1.606e+06, -3.595e+01,  1.888e+00, -2.628e+01, -2.825e+00, -3.111e+01, -1.570e+00,  4.513e+00,  1.481e+00, -4.486e-02,  6.097e-02, -4.972e-03,  1.514e-02,  9.745e-03, -2.962e-02, -8.972e-04,  1.219e-03, -4.614e-02, -1.511e-02,  1.179e-01,  1.523e+02,  1.179e-01,  1.523e+02,  1.146e-04,  1.481e-01,  1.146e-04, -1.355e-20,
 1.647e+06, -3.662e+01,  1.880e+00, -2.670e+01, -2.833e+00, -3.166e+01, -1.570e+00,  4.536e+00,  1.449e+00, -4.075e-02,  5.728e-02, -4.492e-03,  1.406e-02,  9.272e-03, -2.897e-02, -8.149e-04,  1.146e-03, -4.404e-02, -1.403e-02,  1.068e-01,  1.566e+02,  1.068e-01,  1.566e+02,  9.883e-05,  1.449e-01,  9.883e-05, -6.776e-21,
 1.687e+06, -3.727e+01,  1.872e+00, -2.712e+01, -2.841e+00, -3.219e+01, -1.570e+00,  4.558e+00,  1.417e+00, -3.709e-02,  5.386e-02, -4.069e-03,  1.308e-02,  8.833e-03, -2.835e-02, -7.418e-04,  1.077e-03, -4.207e-02, -1.306e-02,  9.702e-02,  1.608e+02,  9.702e-02,  1.608e+02,  8.554e-05,  1.417e-01,  8.554e-05,  0.000e+00,
 1.727e+06, -3.790e+01,  1.865e+00, -2.753e+01, -2.848e+00, -3.271e+01, -1.570e+00,  4.579e+00,  1.387e+00, -3.383e-02,  5.069e-02, -3.695e-03,  1.219e-02,  8.425e-03, -2.775e-02, -6.767e-04,  1.014e-03, -4.023e-02, -1.217e-02,  8.832e-02,  1.650e+02,  8.832e-02,  1.650e+02,  7.428e-05,  1.387e-01,  7.428e-05,  0.000e+00,
 1.767e+06, -3.851e+01,  1.858e+00, -2.793e+01, -2.855e+00, -3.322e+01, -1.570e+00,  4.598e+00,  1.359e+00, -3.092e-02,  4.774e-02, -3.363e-03,  1.138e-02,  8.045e-03, -2.717e-02, -6.185e-04,  9.549e-04, -3.850e-02, -1.136e-02,  8.057e-02,  1.692e+02,  8.057e-02,  1.692e+02,  6.471e-05,  1.359e-01,  6.471e-05,  3.388e-21,
 1.807e+06, -3.912e+01,  1.852e+00, -2.832e+01, -2.861e+00, -3.372e+01, -1.570e+00,  4.616e+00,  1.331e+00, -2.832e-02,  4.501e-02, -3.068e-03,  1.064e-02,  7.689e-03, -2.662e-02, -5.664e-04,  9.002e-04, -3.688e-02, -1.062e-02,  7.365e-02,  1.734e+02,  7.365e-02,  1.734e+02,  5.655e-05,  1.331e-01,  5.655e-05,  1.016e-20,
 1.847e+06, -3.971e+01,  1.845e+00, -2.870e+01, -2.867e+00, -3.420e+01, -1.570e+00,  4.632e+00,  1.304e+00, -2.598e-02,  4.247e-02, -2.805e-03,  9.958e-03,  7.357e-03, -2.609e-02, -5.196e-04,  8.493e-04, -3.536e-02, -9.945e-03,  6.746e-02,  1.775e+02,  6.746e-02,  1.775e+02,  4.957e-05,  1.304e-01,  4.957e-05,  0.000e+00,
 1.888e+06, -4.028e+01,  1.839e+00, -2.907e+01, -2.873e+00, -3.468e+01, -1.570e+00,  4.648e+00,  1.279e+00, -2.388e-02,  4.010e-02, -2.569e-03,  9.336e-03,  7.046e-03, -2.558e-02, -4.776e-04,  8.021e-04, -3.393e-02, -9.325e-03,  6.191e-02,  1.817e+02,  6.191e-02,  1.817e+02,  4.357e-05,  1.279e-01,  4.357e-05,  3.388e-21,
 1.928e+06, -4.084e+01,  1.834e+00, -2.944e+01, -2.879e+00, -3.514e+01, -1.570e+00,  4.662e+00,  1.254e+00, -2.198e-02,  3.790e-02, -2.358e-03,  8.764e-03,  6.755e-03, -2.508e-02, -4.397e-04,  7.581e-04, -3.258e-02, -8.755e-03,  5.691e-02,  1.859e+02,  5.691e-02,  1.859e+02,  3.840e-05,  1.254e-01,  3.840e-05,  0.000e+00,
 1.968e+06, -4.139e+01,  1.828e+00, -2.980e+01, -2.885e+00, -3.559e+01, -1.571e+00,  4.676e+00,  1.230e+00, -2.027e-02,  3.586e-02, -2.168e-03,  8.239e-03,  6.481e-03, -2.460e-02, -4.054e-04,  7.171e-04, -3.131e-02, -8.230e-03,  5.241e-02,  1.900e+02,  5.241e-02,  1.900e+02,  3.393e-05,  1.230e-01,  3.393e-05, -1.694e-21,
 2.008e+06, -4.193e+01,  1.823e+00, -3.015e+01, -2.890e+00, -3.604e+01, -1.571e+00,  4.689e+00,  1.207e+00, -1.872e-02,  3.395e-02, -1.997e-03,  7.754e-03,  6.223e-03, -2.415e-02, -3.745e-04,  6.789e-04, -3.012e-02, -7.747e-03,  4.835e-02,  1.942e+02,  4.835e-02,  1.942e+02,  3.006e-05,  1.207e-01,  3.006e-05,  6.776e-21,
 2.048e+06, -4.246e+01,  1.818e+00, -3.049e+01, -2.895e+00, -3.647e+01, -1.571e+00,  4.701e+00,  1.185e+00, -1.732e-02,  3.217e-02, -1.842e-03,  7.307e-03,  5.981e-03, -2.370e-02, -3.464e-04,  6.433e-04, -2.898e-02, -7.301e-03,  4.467e-02,  1.983e+02,  4.467e-02,  1.983e+02,  2.669e-05,  1.185e-01,  2.669e-05,  0.000e+00,
 2.088e+06, -4.297e+01,  1.813e+00, -3.083e+01, -2.900e+00, -3.690e+01, -1.571e+00,  4.712e+00,  1.164e+00, -1.604e-02,  3.050e-02, -1.702e-03,  6.893e-03,  5.752e-03, -2.327e-02, -3.209e-04,  6.101e-04, -2.791e-02, -6.888e-03,  4.133e-02,  2.025e+02,  4.133e-02,  2.025e+02,  2.376e-05,  1.164e-01,  2.376e-05,  1.694e-21,
 2.129e+06, -4.348e+01,  1.808e+00, -3.116e+01, -2.904e+00, -3.732e+01, -1.571e+00,  4.723e+00,  1.143e+00, -1.488e-02,  2.895e-02, -1.576e-03,  6.511e-03,  5.537e-03, -2.286e-02, -2.977e-04,  5.790e-04, -2.690e-02, -6.506e-03,  3.830e-02,  2.066e+02,  3.830e-02,  2.066e+02,  2.119e-05,  1.143e-01,  2.119e-05,  1.694e-21,
 2.169e+06, -4.398e+01,  1.804e+00, -3.148e+01, -2.909e+00, -3.773e+01, -1.571e+00,  4.733e+00,  1.123e+00, -1.383e-02,  2.750e-02, -1.461e-03,  6.156e-03,  5.333e-03, -2.246e-02, -2.765e-04,  5.499e-04, -2.594e-02, -6.151e-03,  3.555e-02,  2.107e+02,  3.555e-02,  2.107e+02,  1.894e-05,  1.123e-01,  1.894e-05,  0.000e+00,
 2.209e+06, -4.446e+01,  1.799e+00, -3.180e+01, -2.913e+00, -3.813e+01, -1.571e+00,  4.743e+00,  1.104e+00, -1.286e-02,  2.614e-02, -1.356e-03,  5.826e-03,  5.141e-03, -2.207e-02, -2.572e-04,  5.227e-04, -2.503e-02, -5.822e-03,  3.303e-02,  2.149e+02,  3.303e-02,  2.149e+02,  1.697e-05,  1.104e-01,  1.697e-05, -1.694e-21,
 2.249e+06, -4.494e+01,  1.795e+00, -3.211e+01, -2.917e+00, -3.853e+01, -1.571e+00,  4.752e+00,  1.085e+00, -1.198e-02,  2.486e-02, -1.260e-03,  5.519e-03,  4.958e-03, -2.170e-02, -2.396e-04,  4.972e-04, -2.417e-02, -5.516e-03,  3.074e-02,  2.190e+02,  3.074e-02,  2.190e+02,  1.523e-05,  1.085e-01,  1.523e-05,  0.000e+00,
 2.289e+06, -4.541e+01,  1.791e+00, -3.242e+01, -2.921e+00, -3.892e+01, -1.571e+00,  4.761e+00,  1.067e+00, -1.117e-02,  2.367e-02, -1.173e-03,  5.234e-03,  4.785e-03, -2.134e-02, -2.234e-04,  4.733e-04, -2.335e-02, -5.231e-03,  2.864e-02,  2.231e+02,  2.864e-02,  2.231e+02,  1.370e-05,  1.067e-01,  1.370e-05,  0.000e+00,
 2.329e+06, -4.587e+01,  1.787e+00, -3.272e+01, -2.925e+00, -3.930e+01, -1.571e+00,  4.769e+00,  1.049e+00, -1.043e-02,  2.254e-02, -1.093e-03,  4.968e-03,  4.621e-03, -2.099e-02, -2.085e-04,  4.509e-04, -2.257e-02, -4.965e-03,  2.671e-02,  2.272e+02,  2.671e-02,  2.272e+02,  1.234e-05,  1.049e-01,  1.234e-05,  0.000e+00,
 2.369e+06, -4.632e+01,  1.784e+00, -3.302e+01, -2.929e+00, -3.967e+01, -1.571e+00,  4.777e+00,  1.032e+00, -9.746e-03,  2.149e-02, -1.020e-03,  4.719e-03,  4.466e-03, -2.065e-02, -1.949e-04,  4.298e-04, -2.183e-02, -4.717e-03,  2.495e-02,  2.313e+02,  2.495e-02,  2.313e+02,  1.114e-05,  1.032e-01,  1.114e-05, -8.470e-22,
 2.410e+06, -4.677e+01,  1.780e+00, -3.331e+01, -2.932e+00, -4.004e+01, -1.571e+00,  4.784e+00,  1.016e+00, -9.119e-03,  2.050e-02, -9.531e-04,  4.487e-03,  4.318e-03, -2.032e-02, -1.824e-04,  4.100e-04, -2.113e-02, -4.485e-03,  2.333e-02,  2.354e+02,  2.333e-02,  2.354e+02,  1.007e-05,  1.016e-01,  1.007e-05,  4.235e-22,
 2.450e+06, -4.721e+01,  1.777e+00, -3.360e+01, -2.936e+00, -4.040e+01, -1.571e+00,  4.791e+00,  1.000e+00, -8.542e-03,  1.957e-02, -8.914e-04,  4.270e-03,  4.177e-03, -2.000e-02, -1.708e-04,  3.914e-04, -2.046e-02, -4.269e-03,  2.184e-02,  2.395e+02,  2.184e-02,  2.395e+02,  9.117e-06,  1.000e-01,  9.117e-06,  4.235e-22,
 2.490e+06, -4.764e+01,  1.773e+00, -3.388e+01, -2.939e+00, -4.076e+01, -1.571e+00,  4.798e+00,  9.847e-01, -8.009e-03,  1.869e-02, -8.347e-04,  4.067e-03,  4.043e-03, -1.969e-02, -1.602e-04,  3.738e-04, -1.982e-02, -4.065e-03,  2.046e-02,  2.436e+02,  2.046e-02,  2.436e+02,  8.270e-06,  9.847e-02,  8.270e-06, -4.235e-22,
 2.530e+06, -4.806e+01,  1.770e+00, -3.416e+01, -2.943e+00, -4.111e+01, -1.571e+00,  4.804e+00,  9.697e-01, -7.518e-03,  1.786e-02, -7.824e-04,  3.876e-03,  3.916e-03, -1.939e-02, -1.504e-04,  3.573e-04, -1.921e-02, -3.875e-03,  1.919e-02,  2.477e+02,  1.919e-02,  2.477e+02,  7.513e-06,  9.697e-02,  7.513e-06, -4.235e-22,
 2.570e+06, -4.847e+01,  1.767e+00, -3.443e+01, -2.946e+00, -4.145e+01, -1.571e+00,  4.810e+00,  9.551e-01, -7.063e-03,  1.708e-02, -7.342e-04,  3.697e-03,  3.794e-03, -1.910e-02, -1.413e-04,  3.417e-04, -1.862e-02, -3.696e-03,  1.802e-02,  2.518e+02,  1.802e-02,  2.518e+02,  6.836e-06,  9.551e-02,  6.836e-06,  0.000e+00,
 2.610e+06, -4.888e+01,  1.764e+00, -3.470e+01, -2.949e+00, -4.179e+01, -1.571e+00,  4.816e+00,  9.410e-01, -6.642e-03,  1.635e-02, -6.896e-04,  3.529e-03,  3.678e-03, -1.882e-02, -1.328e-04,  3.270e-04, -1.806e-02, -3.528e-03,  1.694e-02,  2.559e+02,  1.694e-02,  2.559e+02,  6.228e-06,  9.410e-02,  6.228e-06,  0.000e+00,
 2.651e+06, -4.929e+01,  1.761e+00, -3.497e+01, -2.952e+00, -4.213e+01, -1.571e+00,  4.822e+00,  9.273e-01, -6.252e-03,  1.565e-02, -6.484e-04,  3.371e-03,  3.568e-03, -1.855e-02, -1.250e-04,  3.131e-04, -1.753e-02, -3.370e-03,  1.593e-02,  2.600e+02,  1.593e-02,  2.600e+02,  5.683e-06,  9.273e-02,  5.683e-06,  0.000e+00,
 2.691e+06, -4.968e+01,  1.758e+00, -3.523e+01, -2.955e+00, -4.245e+01, -1.571e+00,  4.827e+00,  9.139e-01, -5.891e-03,  1.500e-02, -6.102e-04,  3.223e-03,  3.462e-03, -1.828e-02, -1.178e-04,  3.000e-04, -1.702e-02, -3.222e-03,  1.500e-02,  2.641e+02,  1.500e-02,  2.641e+02,  5.193e-06,  9.139e-02,  5.193e-06,  2.118e-22,
 2.731e+06, -5.007e+01,  1.755e+00, -3.548e+01, -2.957e+00, -4.278e+01, -1.571e+00,  4.832e+00,  9.009e-01, -5.555e-03,  1.438e-02, -5.748e-04,  3.083e-03,  3.361e-03, -1.802e-02, -1.111e-04,  2.875e-04, -1.653e-02, -3.082e-03,  1.414e-02,  2.682e+02,  1.414e-02,  2.682e+02,  4.751e-06,  9.009e-02,  4.751e-06,  0.000e+00,
 2.771e+06, -5.046e+01,  1.752e+00, -3.574e+01, -2.960e+00, -4.310e+01, -1.571e+00,  4.837e+00,  8.883e-01, -5.242e-03,  1.379e-02, -5.419e-04,  2.951e-03,  3.264e-03, -1.777e-02, -1.048e-04,  2.758e-04, -1.607e-02, -2.950e-03,  1.334e-02,  2.722e+02,  1.334e-02,  2.722e+02,  4.353e-06,  8.883e-02,  4.353e-06,  0.000e+00,
 2.811e+06, -5.084e+01,  1.750e+00, -3.599e+01, -2.963e+00, -4.341e+01, -1.571e+00,  4.841e+00,  8.760e-01, -4.951e-03,  1.323e-02, -5.113e-04,  2.826e-03,  3.171e-03, -1.752e-02, -9.902e-05,  2.647e-04, -1.562e-02, -2.825e-03,  1.259e-02,  2.763e+02,  1.259e-02,  2.763e+02,  3.993e-06,  8.760e-02,  3.993e-06,  4.235e-22,
 2.851e+06, -5.121e+01,  1.747e+00, -3.623e+01, -2.965e+00, -4.372e+01, -1.571e+00,  4.846e+00,  8.641e-01, -4.680e-03,  1.271e-02, -4.829e-04,  2.708e-03,  3.082e-03, -1.728e-02, -9.360e-05,  2.541e-04, -1.519e-02, -2.708e-03,  1.190e-02,  2.804e+02,  1.190e-02,  2.804e+02,  3.667e-06,  8.641e-02,  3.667e-06,  0.000e+00,
 2.892e+06, -5.158e+01,  1.745e+00, -3.648e+01, -2.968e+00, -4.403e+01, -1.571e+00,  4.850e+00,  8.525e-01, -4.427e-03,  1.221e-02, -4.564e-04,  2.597e-03,  2.997e-03, -1.705e-02, -8.855e-05,  2.441e-04, -1.478e-02, -2.596e-03,  1.125e-02,  2.845e+02,  1.125e-02,  2.845e+02,  3.372e-06,  8.525e-02,  3.372e-06, -2.118e-22,
 2.932e+06, -5.194e+01,  1.742e+00, -3.672e+01, -2.970e+00, -4.433e+01, -1.571e+00,  4.854e+00,  8.411e-01, -4.192e-03,  1.173e-02, -4.317e-04,  2.492e-03,  2.916e-03, -1.682e-02, -8.383e-05,  2.346e-04, -1.438e-02, -2.491e-03,  1.065e-02,  2.886e+02,  1.065e-02,  2.886e+02,  3.104e-06,  8.411e-02,  3.104e-06,  0.000e+00,
 2.972e+06, -5.230e+01,  1.740e+00, -3.695e+01, -2.972e+00, -4.463e+01, -1.571e+00,  4.858e+00,  8.301e-01, -3.971e-03,  1.128e-02, -4.087e-04,  2.392e-03,  2.837e-03, -1.660e-02, -7.942e-05,  2.256e-04, -1.400e-02, -2.391e-03,  1.008e-02,  2.926e+02,  1.008e-02,  2.926e+02,  2.861e-06,  8.301e-02,  2.861e-06,  3.176e-22,
 3.012e+06, -5.265e+01,  1.738e+00, -3.719e+01, -2.975e+00, -4.492e+01, -1.571e+00,  4.862e+00,  8.193e-01, -3.765e-03,  1.085e-02, -3.872e-04,  2.298e-03,  2.762e-03, -1.639e-02, -7.530e-05,  2.171e-04, -1.363e-02, -2.297e-03,  9.557e-03,  2.967e+02,  9.557e-03,  2.967e+02,  2.639e-06,  8.193e-02,  2.639e-06,  1.059e-22,
 3.052e+06, -5.300e+01,  1.736e+00, -3.742e+01, -2.977e+00, -4.521e+01, -1.571e+00,  4.866e+00,  8.089e-01, -3.572e-03,  1.045e-02, -3.671e-04,  2.208e-03,  2.690e-03, -1.618e-02, -7.144e-05,  2.089e-04, -1.328e-02, -2.208e-03,  9.064e-03,  3.008e+02,  9.064e-03,  3.008e+02,  2.438e-06,  8.089e-02,  2.438e-06, -1.059e-22,
 3.092e+06, -5.335e+01,  1.733e+00, -3.764e+01, -2.979e+00, -4.549e+01, -1.571e+00,  4.869e+00,  7.986e-01, -3.391e-03,  1.006e-02, -3.482e-04,  2.123e-03,  2.620e-03, -1.597e-02, -6.782e-05,  2.012e-04, -1.294e-02, -2.123e-03,  8.602e-03,  3.048e+02,  8.602e-03,  3.048e+02,  2.254e-06,  7.986e-02,  2.254e-06, -1.059e-22,
 3.133e+06, -5.368e+01,  1.731e+00, -3.787e+01, -2.981e+00, -4.578e+01, -1.571e+00,  4.872e+00,  7.887e-01, -3.222e-03,  9.691e-03, -3.306e-04,  2.042e-03,  2.554e-03, -1.577e-02, -6.443e-05,  1.938e-04, -1.262e-02, -2.042e-03,  8.170e-03,  3.089e+02,  8.170e-03,  3.089e+02,  2.086e-06,  7.887e-02,  2.086e-06, -1.059e-22,
 3.173e+06, -5.402e+01,  1.729e+00, -3.809e+01, -2.983e+00, -4.605e+01, -1.571e+00,  4.876e+00,  7.789e-01, -3.063e-03,  9.340e-03, -3.141e-04,  1.966e-03,  2.489e-03, -1.558e-02, -6.125e-05,  1.868e-04, -1.231e-02, -1.966e-03,  7.764e-03,  3.130e+02,  7.764e-03,  3.130e+02,  1.932e-06,  7.789e-02,  1.932e-06,  0.000e+00,
 3.213e+06, -5.435e+01,  1.727e+00, -3.831e+01, -2.985e+00, -4.633e+01, -1.571e+00,  4.879e+00,  7.694e-01, -2.913e-03,  9.006e-03, -2.986e-04,  1.893e-03,  2.427e-03, -1.539e-02, -5.826e-05,  1.801e-04, -1.200e-02, -1.893e-03,  7.383e-03,  3.170e+02,  7.383e-03,  3.170e+02,  1.792e-06,  7.694e-02,  1.792e-06, -3.176e-22,
 3.253e+06, -5.468e+01,  1.725e+00, -3.852e+01, -2.987e+00, -4.660e+01, -1.571e+00,  4.882e+00,  7.602e-01, -2.773e-03,  8.687e-03, -2.840e-04,  1.824e-03,  2.368e-03, -1.520e-02, -5.546e-05,  1.737e-04, -1.171e-02, -1.824e-03,  7.025e-03,  3.211e+02,  7.025e-03,  3.211e+02,  1.663e-06,  7.602e-02,  1.663e-06, -1.059e-22,
 3.293e+06, -5.500e+01,  1.723e+00, -3.874e+01, -2.989e+00, -4.687e+01, -1.571e+00,  4.884e+00,  7.511e-01, -2.641e-03,  8.384e-03, -2.703e-04,  1.758e-03,  2.310e-03, -1.502e-02, -5.282e-05,  1.677e-04, -1.143e-02, -1.758e-03,  6.689e-03,  3.251e+02,  6.689e-03,  3.251e+02,  1.545e-06,  7.511e-02,  1.545e-06,  0.000e+00,
 3.333e+06, -5.532e+01,  1.722e+00, -3.895e+01, -2.991e+00, -4.713e+01, -1.571e+00,  4.887e+00,  7.423e-01, -2.517e-03,  8.094e-03, -2.575e-04,  1.695e-03,  2.255e-03, -1.485e-02, -5.033e-05,  1.619e-04, -1.116e-02, -1.695e-03,  6.372e-03,  3.292e+02,  6.372e-03,  3.292e+02,  1.437e-06,  7.423e-02,  1.437e-06,  0.000e+00,
 3.374e+06, -5.563e+01,  1.720e+00, -3.915e+01, -2.993e+00, -4.739e+01, -1.571e+00,  4.890e+00,  7.336e-01, -2.399e-03,  7.817e-03, -2.453e-04,  1.635e-03,  2.202e-03, -1.467e-02, -4.799e-05,  1.563e-04, -1.090e-02, -1.635e-03,  6.074e-03,  3.333e+02,  6.074e-03,  3.333e+02,  1.337e-06,  7.336e-02,  1.337e-06, -5.294e-23,
 3.414e+06, -5.594e+01,  1.718e+00, -3.936e+01, -2.994e+00, -4.765e+01, -1.571e+00,  4.892e+00,  7.252e-01, -2.289e-03,  7.552e-03, -2.339e-04,  1.578e-03,  2.150e-03, -1.450e-02, -4.578e-05,  1.510e-04, -1.065e-02, -1.578e-03,  5.793e-03,  3.373e+02,  5.793e-03,  3.373e+02,  1.245e-06,  7.252e-02,  1.245e-06,  1.059e-22,
 3.454e+06, -5.625e+01,  1.716e+00, -3.956e+01, -2.996e+00, -4.791e+01, -1.571e+00,  4.895e+00,  7.169e-01, -2.185e-03,  7.299e-03, -2.232e-04,  1.524e-03,  2.100e-03, -1.434e-02, -4.370e-05,  1.460e-04, -1.040e-02, -1.524e-03,  5.529e-03,  3.414e+02,  5.529e-03,  3.414e+02,  1.161e-06,  7.169e-02,  1.161e-06, -5.294e-23,
 3.494e+06, -5.655e+01,  1.715e+00, -3.976e+01, -2.998e+00, -4.816e+01, -1.571e+00,  4.897e+00,  7.089e-01, -2.087e-03,  7.058e-03, -2.131e-04,  1.472e-03,  2.052e-03, -1.418e-02, -4.174e-05,  1.412e-04, -1.017e-02, -1.472e-03,  5.279e-03,  3.454e+02,  5.279e-03,  3.454e+02,  1.083e-06,  7.089e-02,  1.083e-06,  5.294e-23,
 3.534e+06, -5.685e+01,  1.713e+00, -3.996e+01, -3.000e+00, -4.841e+01, -1.571e+00,  4.900e+00,  7.010e-01, -1.994e-03,  6.826e-03, -2.035e-04,  1.422e-03,  2.006e-03, -1.402e-02, -3.988e-05,  1.365e-04, -9.942e-03, -1.422e-03,  5.043e-03,  3.495e+02,  5.043e-03,  3.495e+02,  1.011e-06,  7.010e-02,  1.011e-06, -5.294e-23,
 3.574e+06, -5.715e+01,  1.711e+00, -4.016e+01, -3.001e+00, -4.865e+01, -1.571e+00,  4.902e+00,  6.933e-01, -1.906e-03,  6.605e-03, -1.944e-04,  1.375e-03,  1.961e-03, -1.387e-02, -3.813e-05,  1.321e-04, -9.722e-03, -1.375e-03,  4.820e-03,  3.535e+02,  4.820e-03,  3.535e+02,  9.452e-07,  6.933e-02,  9.452e-07,  0.000e+00,
 3.614e+06, -5.744e+01,  1.710e+00, -4.035e+01, -3.003e+00, -4.890e+01, -1.571e+00,  4.904e+00,  6.857e-01, -1.823e-03,  6.393e-03, -1.859e-04,  1.330e-03,  1.918e-03, -1.371e-02, -3.647e-05,  1.279e-04, -9.509e-03, -1.329e-03,  4.609e-03,  3.576e+02,  4.609e-03,  3.576e+02,  8.839e-07,  6.857e-02,  8.839e-07,  5.294e-23,
 3.655e+06, -5.773e+01,  1.708e+00, -4.055e+01, -3.004e+00, -4.914e+01, -1.571e+00,  4.906e+00,  6.783e-01, -1.745e-03,  6.190e-03, -1.778e-04,  1.286e-03,  1.876e-03, -1.357e-02, -3.490e-05,  1.238e-04, -9.303e-03, -1.286e-03,  4.410e-03,  3.616e+02,  4.410e-03,  3.616e+02,  8.272e-07,  6.783e-02,  8.272e-07,  2.647e-23,
 3.695e+06, -5.802e+01,  1.707e+00, -4.074e+01, -3.006e+00, -4.938e+01, -1.571e+00,  4.908e+00,  6.711e-01, -1.671e-03,  5.995e-03, -1.702e-04,  1.245e-03,  1.835e-03, -1.342e-02, -3.341e-05,  1.199e-04, -9.104e-03, -1.245e-03,  4.222e-03,  3.657e+02,  4.222e-03,  3.657e+02,  7.747e-07,  6.711e-02,  7.747e-07,  0.000e+00,
 3.735e+06, -5.830e+01,  1.705e+00, -4.092e+01, -3.007e+00, -4.961e+01, -1.571e+00,  4.910e+00,  6.640e-01, -1.600e-03,  5.809e-03, -1.630e-04,  1.205e-03,  1.796e-03, -1.328e-02, -3.200e-05,  1.162e-04, -8.911e-03, -1.205e-03,  4.043e-03,  3.697e+02,  4.043e-03,  3.697e+02,  7.260e-07,  6.640e-02,  7.260e-07,  0.000e+00,
 3.775e+06, -5.858e+01,  1.704e+00, -4.111e+01, -3.009e+00, -4.985e+01, -1.571e+00,  4.912e+00,  6.571e-01, -1.534e-03,  5.630e-03, -1.561e-04,  1.167e-03,  1.758e-03, -1.314e-02, -3.067e-05,  1.126e-04, -8.724e-03, -1.167e-03,  3.874e-03,  3.738e+02,  3.874e-03,  3.738e+02,  6.809e-07,  6.571e-02,  6.809e-07, -2.647e-23,
 3.815e+06, -5.886e+01,  1.702e+00, -4.129e+01, -3.010e+00, -5.008e+01, -1.571e+00,  4.914e+00,  6.503e-01, -1.470e-03,  5.458e-03, -1.496e-04,  1.130e-03,  1.721e-03, -1.301e-02, -2.940e-05,  1.092e-04, -8.543e-03, -1.130e-03,  3.713e-03,  3.778e+02,  3.713e-03,  3.778e+02,  6.390e-07,  6.503e-02,  6.390e-07,  0.000e+00,
 3.855e+06, -5.913e+01,  1.701e+00, -4.147e+01, -3.011e+00, -5.030e+01, -1.571e+00,  4.916e+00,  6.436e-01, -1.410e-03,  5.293e-03, -1.434e-04,  1.096e-03,  1.685e-03, -1.287e-02, -2.820e-05,  1.059e-04, -8.367e-03, -1.095e-03,  3.561e-03,  3.819e+02,  3.561e-03,  3.819e+02,  6.001e-07,  6.436e-02,  6.001e-07,  0.000e+00,
 3.896e+06, -5.941e+01,  1.700e+00, -4.165e+01, -3.013e+00, -5.053e+01, -1.571e+00,  4.917e+00,  6.371e-01, -1.353e-03,  5.135e-03, -1.376e-04,  1.062e-03,  1.651e-03, -1.274e-02, -2.706e-05,  1.027e-04, -8.197e-03, -1.062e-03,  3.416e-03,  3.859e+02,  3.416e-03,  3.859e+02,  5.639e-07,  6.371e-02,  5.639e-07,  0.000e+00,
 3.936e+06, -5.967e+01,  1.698e+00, -4.183e+01, -3.014e+00, -5.075e+01, -1.571e+00,  4.919e+00,  6.307e-01, -1.299e-03,  4.983e-03, -1.320e-04,  1.030e-03,  1.617e-03, -1.261e-02, -2.598e-05,  9.965e-05, -8.032e-03, -1.030e-03,  3.279e-03,  3.900e+02,  3.279e-03,  3.900e+02,  5.303e-07,  6.307e-02,  5.303e-07,  2.647e-23,
 3.976e+06, -5.994e+01,  1.697e+00, -4.201e+01, -3.015e+00, -5.097e+01, -1.571e+00,  4.921e+00,  6.244e-01, -1.247e-03,  4.836e-03, -1.268e-04,  9.989e-04,  1.585e-03, -1.249e-02, -2.495e-05,  9.673e-05, -7.872e-03, -9.989e-04,  3.148e-03,  3.940e+02,  3.148e-03,  3.940e+02,  4.989e-07,  6.244e-02,  4.989e-07,  2.647e-23,
 4.016e+06, -6.020e+01,  1.696e+00, -4.218e+01, -3.017e+00, -5.119e+01, -1.571e+00,  4.922e+00,  6.183e-01, -1.199e-03,  4.696e-03, -1.217e-04,  9.693e-04,  1.553e-03, -1.237e-02, -2.397e-05,  9.391e-05, -7.717e-03, -9.692e-04,  3.024e-03,  3.981e+02,  3.024e-03,  3.981e+02,  4.697e-07,  6.183e-02,  4.697e-07,  2.647e-23,
 4.056e+06, -6.046e+01,  1.695e+00, -4.236e+01, -3.018e+00, -5.141e+01, -1.571e+00,  4.924e+00,  6.122e-01, -1.152e-03,  4.561e-03, -1.170e-04,  9.408e-04,  1.523e-03, -1.224e-02, -2.304e-05,  9.121e-05, -7.566e-03, -9.407e-04,  2.906e-03,  4.021e+02,  2.906e-03,  4.021e+02,  4.425e-07,  6.122e-02,  4.425e-07, -3.970e-23,
 4.096e+06, -6.072e+01,  1.693e+00, -4.253e+01, -3.019e+00, -5.162e+01, -1.571e+00,  4.925e+00,  6.063e-01, -1.108e-03,  4.430e-03, -1.124e-04,  9.134e-04,  1.493e-03, -1.213e-02, -2.215e-05,  8.861e-05, -7.419e-03, -9.133e-04,  2.794e-03,  4.062e+02,  2.794e-03,  4.062e+02,  4.171e-07,  6.063e-02,  4.171e-07, -1.323e-23,
 4.137e+06, -6.098e+01,  1.692e+00, -4.270e+01, -3.020e+00, -5.184e+01, -1.571e+00,  4.927e+00,  6.005e-01, -1.065e-03,  4.305e-03, -1.081e-04,  8.870e-04,  1.464e-03, -1.201e-02, -2.131e-05,  8.610e-05, -7.277e-03, -8.870e-04,  2.687e-03,  4.102e+02,  2.687e-03,  4.102e+02,  3.934e-07,  6.005e-02,  3.934e-07, -2.647e-23,
 4.177e+06, -6.123e+01,  1.691e+00, -4.286e+01, -3.021e+00, -5.205e+01, -1.571e+00,  4.928e+00,  5.948e-01, -1.025e-03,  4.185e-03, -1.040e-04,  8.617e-04,  1.436e-03, -1.190e-02, -2.050e-05,  8.369e-05, -7.139e-03, -8.616e-04,  2.585e-03,  4.142e+02,  2.585e-03,  4.142e+02,  3.712e-07,  5.948e-02,  3.712e-07,  0.000e+00,
 4.217e+06, -6.148e+01,  1.690e+00, -4.303e+01, -3.023e+00, -5.226e+01, -1.571e+00,  4.930e+00,  5.893e-01, -9.867e-04,  4.068e-03, -1.001e-04,  8.373e-04,  1.409e-03, -1.179e-02, -1.973e-05,  8.137e-05, -7.004e-03, -8.372e-04,  2.488e-03,  4.183e+02,  2.488e-03,  4.183e+02,  3.505e-07,  5.893e-02,  3.505e-07, -1.323e-23,
 4.257e+06, -6.173e+01,  1.689e+00, -4.320e+01, -3.024e+00, -5.246e+01, -1.571e+00,  4.931e+00,  5.838e-01, -9.502e-04,  3.957e-03, -9.635e-05,  8.138e-04,  1.382e-03, -1.168e-02, -1.900e-05,  7.913e-05, -6.874e-03, -8.138e-04,  2.396e-03,  4.223e+02,  2.396e-03,  4.223e+02,  3.311e-07,  5.838e-02,  3.311e-07,  1.323e-23,
 4.297e+06, -6.197e+01,  1.688e+00, -4.336e+01, -3.025e+00, -5.267e+01, -1.571e+00,  4.932e+00,  5.784e-01, -9.153e-04,  3.849e-03, -9.278e-05,  7.912e-04,  1.357e-03, -1.157e-02, -1.831e-05,  7.697e-05, -6.747e-03, -7.912e-04,  2.307e-03,  4.264e+02,  2.307e-03,  4.264e+02,  3.130e-07,  5.784e-02,  3.130e-07,  0.000e+00,
 4.337e+06, -6.222e+01,  1.686e+00, -4.352e+01, -3.026e+00, -5.287e+01, -1.571e+00,  4.933e+00,  5.731e-01, -8.819e-04,  3.745e-03, -8.938e-05,  7.694e-04,  1.332e-03, -1.146e-02, -1.764e-05,  7.489e-05, -6.623e-03, -7.694e-04,  2.223e-03,  4.304e+02,  2.223e-03,  4.304e+02,  2.960e-07,  5.731e-02,  2.960e-07, -1.323e-23,
 4.378e+06, -6.246e+01,  1.685e+00, -4.368e+01, -3.027e+00, -5.307e+01, -1.571e+00,  4.935e+00,  5.679e-01, -8.501e-04,  3.644e-03, -8.614e-05,  7.484e-04,  1.307e-03, -1.136e-02, -1.700e-05,  7.289e-05, -6.503e-03, -7.484e-04,  2.143e-03,  4.344e+02,  2.143e-03,  4.344e+02,  2.801e-07,  5.679e-02,  2.801e-07,  0.000e+00,
 4.418e+06, -6.270e+01,  1.684e+00, -4.384e+01, -3.028e+00, -5.327e+01, -1.571e+00,  4.936e+00,  5.628e-01, -8.197e-04,  3.548e-03, -8.304e-05,  7.282e-04,  1.284e-03, -1.126e-02, -1.639e-05,  7.095e-05, -6.386e-03, -7.282e-04,  2.066e-03,  4.385e+02,  2.066e-03,  4.385e+02,  2.651e-07,  5.628e-02,  2.651e-07,  1.323e-23,
 4.458e+06, -6.294e+01,  1.683e+00, -4.400e+01, -3.029e+00, -5.347e+01, -1.571e+00,  4.937e+00,  5.578e-01, -7.907e-04,  3.454e-03, -8.008e-05,  7.087e-04,  1.261e-03, -1.116e-02, -1.581e-05,  6.908e-05, -6.272e-03, -7.087e-04,  1.992e-03,  4.425e+02,  1.992e-03,  4.425e+02,  2.511e-07,  5.578e-02,  2.511e-07,  0.000e+00,
 4.498e+06, -6.317e+01,  1.682e+00, -4.415e+01, -3.030e+00, -5.366e+01, -1.571e+00,  4.938e+00,  5.529e-01, -7.629e-04,  3.364e-03, -7.725e-05,  6.899e-04,  1.238e-03, -1.106e-02, -1.526e-05,  6.728e-05, -6.162e-03, -6.899e-04,  1.922e-03,  4.466e+02,  1.922e-03,  4.466e+02,  2.380e-07,  5.529e-02,  2.380e-07,  6.617e-24,
 4.538e+06, -6.340e+01,  1.681e+00, -4.431e+01, -3.031e+00, -5.385e+01, -1.571e+00,  4.939e+00,  5.481e-01, -7.363e-04,  3.277e-03, -7.454e-05,  6.717e-04,  1.216e-03, -1.096e-02, -1.473e-05,  6.554e-05, -6.054e-03, -6.717e-04,  1.855e-03,  4.506e+02,  1.855e-03,  4.506e+02,  2.256e-07,  5.481e-02,  2.256e-07,  0.000e+00,
 4.578e+06, -6.363e+01,  1.680e+00, -4.446e+01, -3.032e+00, -5.405e+01, -1.571e+00,  4.940e+00,  5.433e-01, -7.109e-04,  3.193e-03, -7.195e-05,  6.542e-04,  1.195e-03, -1.087e-02, -1.422e-05,  6.386e-05, -5.949e-03, -6.542e-04,  1.791e-03,  4.546e+02,  1.791e-03,  4.546e+02,  2.140e-07,  5.433e-02,  2.140e-07,  6.617e-24,
 4.618e+06, -6.386e+01,  1.679e+00, -4.461e+01, -3.033e+00, -5.424e+01, -1.571e+00,  4.941e+00,  5.387e-01, -6.866e-04,  3.112e-03, -6.947e-05,  6.373e-04,  1.174e-03, -1.077e-02, -1.373e-05,  6.223e-05, -5.846e-03, -6.373e-04,  1.729e-03,  4.587e+02,  1.729e-03,  4.587e+02,  2.031e-07,  5.387e-02,  2.031e-07,  6.617e-24,
 4.659e+06, -6.409e+01,  1.678e+00, -4.476e+01, -3.034e+00, -5.442e+01, -1.571e+00,  4.942e+00,  5.341e-01, -6.633e-04,  3.033e-03, -6.710e-05,  6.210e-04,  1.154e-03, -1.068e-02, -1.327e-05,  6.066e-05, -5.746e-03, -6.209e-04,  1.670e-03,  4.627e+02,  1.670e-03,  4.627e+02,  1.928e-07,  5.341e-02,  1.928e-07,  0.000e+00,
 4.699e+06, -6.431e+01,  1.678e+00, -4.491e+01, -3.035e+00, -5.461e+01, -1.571e+00,  4.943e+00,  5.296e-01, -6.409e-04,  2.957e-03, -6.483e-05,  6.052e-04,  1.135e-03, -1.059e-02, -1.282e-05,  5.914e-05, -5.649e-03, -6.052e-04,  1.614e-03,  4.667e+02,  1.614e-03,  4.667e+02,  1.831e-07,  5.296e-02,  1.831e-07,  6.617e-24,
 4.739e+06, -6.454e+01,  1.677e+00, -4.506e+01, -3.036e+00, -5.480e+01, -1.571e+00,  4.944e+00,  5.251e-01, -6.195e-04,  2.884e-03, -6.265e-05,  5.899e-04,  1.115e-03, -1.050e-02, -1.239e-05,  5.768e-05, -5.554e-03, -5.899e-04,  1.560e-03,  4.708e+02,  1.560e-03,  4.708e+02,  1.740e-07,  5.251e-02,  1.740e-07, -6.617e-24,
 4.779e+06, -6.476e+01,  1.676e+00, -4.521e+01, -3.037e+00, -5.498e+01, -1.571e+00,  4.945e+00,  5.208e-01, -5.990e-04,  2.813e-03, -6.057e-05,  5.752e-04,  1.097e-03, -1.042e-02, -1.198e-05,  5.626e-05, -5.462e-03, -5.752e-04,  1.508e-03,  4.748e+02,  1.508e-03,  4.748e+02,  1.654e-07,  5.208e-02,  1.654e-07,  1.985e-23,
 4.819e+06, -6.498e+01,  1.675e+00, -4.535e+01, -3.038e+00, -5.516e+01, -1.571e+00,  4.946e+00,  5.165e-01, -5.794e-04,  2.744e-03, -5.857e-05,  5.609e-04,  1.079e-03, -1.033e-02, -1.159e-05,  5.488e-05, -5.372e-03, -5.609e-04,  1.459e-03,  4.788e+02,  1.459e-03,  4.788e+02,  1.573e-07,  5.165e-02,  1.573e-07,  0.000e+00,
 4.859e+06, -6.519e+01,  1.674e+00, -4.549e+01, -3.038e+00, -5.534e+01, -1.571e+00,  4.947e+00,  5.122e-01, -5.605e-04,  2.678e-03, -5.665e-05,  5.471e-04,  1.061e-03, -1.024e-02, -1.121e-05,  5.355e-05, -5.284e-03, -5.471e-04,  1.411e-03,  4.829e+02,  1.411e-03,  4.829e+02,  1.497e-07,  5.122e-02,  1.497e-07,  6.617e-24,
 4.900e+06, -6.541e+01,  1.673e+00, -4.564e+01, -3.039e+00, -5.552e+01, -1.571e+00,  4.948e+00,  5.081e-01, -5.424e-04,  2.613e-03, -5.481e-05,  5.338e-04,  1.044e-03, -1.016e-02, -1.085e-05,  5.226e-05, -5.198e-03, -5.338e-04,  1.365e-03,  4.869e+02,  1.365e-03,  4.869e+02,  1.425e-07,  5.081e-02,  1.425e-07,  3.309e-24,
 4.940e+06, -6.562e+01,  1.672e+00, -4.578e+01, -3.040e+00, -5.570e+01, -1.571e+00,  4.949e+00,  5.040e-01, -5.250e-04,  2.551e-03, -5.305e-05,  5.209e-04,  1.027e-03, -1.008e-02, -1.050e-05,  5.102e-05, -5.114e-03, -5.208e-04,  1.321e-03,  4.909e+02,  1.321e-03,  4.909e+02,  1.356e-07,  5.040e-02,  1.356e-07,  3.309e-24,
 4.980e+06, -6.583e+01,  1.671e+00, -4.592e+01, -3.041e+00, -5.588e+01, -1.571e+00,  4.949e+00,  5.000e-01, -5.083e-04,  2.490e-03, -5.135e-05,  5.084e-04,  1.010e-03, -9.999e-03, -1.017e-05,  4.981e-05, -5.033e-03, -5.083e-04,  1.279e-03,  4.950e+02,  1.279e-03,  4.950e+02,  1.292e-07,  5.000e-02,  1.292e-07, -3.309e-24,
 5.020e+06, -6.604e+01,  1.671e+00, -4.606e+01, -3.042e+00, -5.605e+01, -1.571e+00,  4.950e+00,  4.960e-01, -4.923e-04,  2.432e-03, -4.972e-05,  4.963e-04,  9.940e-04, -9.920e-03, -9.846e-06,  4.864e-05, -4.953e-03, -4.962e-04,  1.239e-03,  4.990e+02,  1.239e-03,  4.990e+02,  1.231e-07,  4.960e-02,  1.231e-07,  3.309e-24,
 5.060e+06, -6.625e+01,  1.670e+00, -4.620e+01, -3.043e+00, -5.622e+01, -1.571e+00,  4.951e+00,  4.921e-01, -4.769e-04,  2.375e-03, -4.816e-05,  4.845e-04,  9.783e-04, -9.842e-03, -9.538e-06,  4.751e-05, -4.875e-03, -4.845e-04,  1.200e-03,  5.030e+02,  1.200e-03,  5.030e+02,  1.174e-07,  4.921e-02,  1.174e-07,  3.309e-24,
 5.100e+06, -6.646e+01,  1.669e+00, -4.634e+01, -3.043e+00, -5.640e+01, -1.571e+00,  4.952e+00,  4.883e-01, -4.621e-04,  2.320e-03, -4.666e-05,  4.732e-04,  9.629e-04, -9.766e-03, -9.242e-06,  4.641e-05, -4.799e-03, -4.732e-04,  1.163e-03,  5.071e+02,  1.163e-03,  5.071e+02,  1.119e-07,  4.883e-02,  1.119e-07,  0.000e+00,
 5.141e+06, -6.666e+01,  1.668e+00, -4.647e+01, -3.044e+00, -5.657e+01, -1.571e+00,  4.953e+00,  4.845e-01, -4.478e-04,  2.267e-03, -4.521e-05,  4.622e-04,  9.480e-04, -9.690e-03, -8.957e-06,  4.534e-05, -4.724e-03, -4.622e-04,  1.127e-03,  5.111e+02,  1.127e-03,  5.111e+02,  1.068e-07,  4.845e-02,  1.068e-07,  3.309e-24,
 5.181e+06, -6.687e+01,  1.668e+00, -4.661e+01, -3.045e+00, -5.674e+01, -1.571e+00,  4.953e+00,  4.808e-01, -4.342e-04,  2.215e-03, -4.382e-05,  4.515e-04,  9.333e-04, -9.616e-03, -8.683e-06,  4.431e-05, -4.652e-03, -4.515e-04,  1.092e-03,  5.151e+02,  1.092e-03,  5.151e+02,  1.019e-07,  4.808e-02,  1.019e-07,  3.309e-24,
 5.221e+06, -6.707e+01,  1.667e+00, -4.674e+01, -3.046e+00, -5.690e+01, -1.571e+00,  4.954e+00,  4.771e-01, -4.210e-04,  2.165e-03, -4.249e-05,  4.412e-04,  9.190e-04, -9.542e-03, -8.420e-06,  4.331e-05, -4.581e-03, -4.412e-04,  1.059e-03,  5.192e+02,  1.059e-03,  5.192e+02,  9.732e-08,  4.771e-02,  9.732e-08,  0.000e+00,
 5.261e+06, -6.727e+01,  1.666e+00, -4.687e+01, -3.046e+00, -5.707e+01, -1.571e+00,  4.955e+00,  4.735e-01, -4.083e-04,  2.117e-03, -4.120e-05,  4.311e-04,  9.050e-04, -9.470e-03, -8.166e-06,  4.233e-05, -4.511e-03, -4.311e-04,  1.027e-03,  5.232e+02,  1.027e-03,  5.232e+02,  9.294e-08,  4.735e-02,  9.294e-08, -6.617e-24,
 5.301e+06, -6.747e+01,  1.665e+00, -4.701e+01, -3.047e+00, -5.724e+01, -1.571e+00,  4.955e+00,  4.699e-01, -3.961e-04,  2.070e-03, -3.997e-05,  4.214e-04,  8.914e-04, -9.399e-03, -7.922e-06,  4.139e-05, -4.444e-03, -4.214e-04,  9.962e-04,  5.272e+02,  9.962e-04,  5.272e+02,  8.880e-08,  4.699e-02,  8.880e-08,  3.309e-24,
 5.341e+06, -6.766e+01,  1.665e+00, -4.714e+01, -3.048e+00, -5.740e+01, -1.571e+00,  4.956e+00,  4.664e-01, -3.843e-04,  2.024e-03, -3.877e-05,  4.120e-04,  8.780e-04, -9.329e-03, -7.687e-06,  4.047e-05, -4.377e-03, -4.120e-04,  9.666e-04,  5.313e+02,  9.666e-04,  5.313e+02,  8.487e-08,  4.664e-02,  8.487e-08, -3.309e-24,
 5.382e+06, -6.786e+01,  1.664e+00, -4.727e+01, -3.048e+00, -5.756e+01, -1.571e+00,  4.957e+00,  4.630e-01, -3.730e-04,  1.979e-03, -3.763e-05,  4.028e-04,  8.650e-04, -9.260e-03, -7.460e-06,  3.959e-05, -4.313e-03, -4.028e-04,  9.380e-04,  5.353e+02,  9.380e-04,  5.353e+02,  8.114e-08,  4.630e-02,  8.114e-08, -3.309e-24,
 5.422e+06, -6.805e+01,  1.663e+00, -4.740e+01, -3.049e+00, -5.773e+01, -1.571e+00,  4.957e+00,  4.596e-01, -3.621e-04,  1.936e-03, -3.652e-05,  3.939e-04,  8.522e-04, -9.192e-03, -7.242e-06,  3.872e-05, -4.249e-03, -3.939e-04,  9.106e-04,  5.393e+02,  9.106e-04,  5.393e+02,  7.760e-08,  4.596e-02,  7.760e-08,  0.000e+00,
 5.462e+06, -6.825e+01,  1.663e+00, -4.752e+01, -3.050e+00, -5.789e+01, -1.571e+00,  4.958e+00,  4.562e-01, -3.516e-04,  1.894e-03, -3.546e-05,  3.853e-04,  8.397e-04, -9.125e-03, -7.032e-06,  3.788e-05, -4.187e-03, -3.853e-04,  8.841e-04,  5.433e+02,  8.841e-04,  5.433e+02,  7.423e-08,  4.562e-02,  7.423e-08,  1.654e-24,
 5.502e+06, -6.844e+01,  1.662e+00, -4.765e+01, -3.051e+00, -5.805e+01, -1.571e+00,  4.959e+00,  4.529e-01, -3.415e-04,  1.854e-03, -3.443e-05,  3.769e-04,  8.275e-04, -9.059e-03, -6.829e-06,  3.707e-05, -4.127e-03, -3.769e-04,  8.585e-04,  5.474e+02,  8.585e-04,  5.474e+02,  7.104e-08,  4.529e-02,  7.104e-08, -1.654e-24,
 5.542e+06, -6.863e+01,  1.661e+00, -4.778e+01, -3.051e+00, -5.820e+01, -1.571e+00,  4.959e+00,  4.497e-01, -3.317e-04,  1.814e-03, -3.344e-05,  3.688e-04,  8.155e-04, -8.994e-03, -6.634e-06,  3.628e-05, -4.067e-03, -3.688e-04,  8.339e-04,  5.514e+02,  8.339e-04,  5.514e+02,  6.801e-08,  4.497e-02,  6.801e-08,  1.654e-24,
 5.582e+06, -6.882e+01,  1.661e+00, -4.790e+01, -3.052e+00, -5.836e+01, -1.571e+00,  4.960e+00,  4.465e-01, -3.223e-04,  1.776e-03, -3.249e-05,  3.609e-04,  8.038e-04, -8.930e-03, -6.445e-06,  3.551e-05, -4.009e-03, -3.609e-04,  8.102e-04,  5.554e+02,  8.102e-04,  5.554e+02,  6.513e-08,  4.465e-02,  6.513e-08,  0.000e+00,
 5.622e+06, -6.900e+01,  1.660e+00, -4.803e+01, -3.052e+00, -5.852e+01, -1.571e+00,  4.960e+00,  4.433e-01, -3.132e-04,  1.738e-03, -3.157e-05,  3.532e-04,  7.924e-04, -8.866e-03, -6.264e-06,  3.476e-05, -3.952e-03, -3.532e-04,  7.873e-04,  5.595e+02,  7.873e-04,  5.595e+02,  6.238e-08,  4.433e-02,  6.238e-08,  0.000e+00,
 5.663e+06, -6.919e+01,  1.659e+00, -4.815e+01, -3.053e+00, -5.867e+01, -1.571e+00,  4.961e+00,  4.402e-01, -3.044e-04,  1.702e-03, -3.068e-05,  3.458e-04,  7.812e-04, -8.804e-03, -6.088e-06,  3.404e-05, -3.897e-03, -3.458e-04,  7.652e-04,  5.635e+02,  7.652e-04,  5.635e+02,  5.978e-08,  4.402e-02,  5.978e-08,  0.000e+00,
 5.703e+06, -6.938e+01,  1.659e+00, -4.827e+01, -3.054e+00, -5.882e+01, -1.571e+00,  4.961e+00,  4.371e-01, -2.959e-04,  1.666e-03, -2.982e-05,  3.385e-04,  7.702e-04, -8.742e-03, -5.919e-06,  3.333e-05, -3.842e-03, -3.385e-04,  7.439e-04,  5.675e+02,  7.439e-04,  5.675e+02,  5.729e-08,  4.371e-02,  5.729e-08,  0.000e+00,
 5.743e+06, -6.956e+01,  1.658e+00, -4.840e+01, -3.054e+00, -5.898e+01, -1.571e+00,  4.962e+00,  4.341e-01, -2.878e-04,  1.632e-03, -2.900e-05,  3.315e-04,  7.595e-04, -8.682e-03, -5.755e-06,  3.264e-05, -3.789e-03, -3.315e-04,  7.233e-04,  5.715e+02,  7.233e-04,  5.715e+02,  5.493e-08,  4.341e-02,  5.493e-08,  0.000e+00,
 5.783e+06, -6.974e+01,  1.657e+00, -4.852e+01, -3.055e+00, -5.913e+01, -1.571e+00,  4.963e+00,  4.311e-01, -2.799e-04,  1.599e-03, -2.820e-05,  3.246e-04,  7.490e-04, -8.622e-03, -5.597e-06,  3.197e-05, -3.737e-03, -3.246e-04,  7.034e-04,  5.756e+02,  7.034e-04,  5.756e+02,  5.268e-08,  4.311e-02,  5.268e-08,  0.000e+00,
 5.823e+06, -6.992e+01,  1.657e+00, -4.864e+01, -3.056e+00, -5.928e+01, -1.571e+00,  4.963e+00,  4.281e-01, -2.722e-04,  1.566e-03, -2.743e-05,  3.179e-04,  7.387e-04, -8.563e-03, -5.445e-06,  3.132e-05, -3.685e-03, -3.179e-04,  6.842e-04,  5.796e+02,  6.842e-04,  5.796e+02,  5.054e-08,  4.281e-02,  5.054e-08,  0.000e+00,
 5.863e+06, -7.010e+01,  1.656e+00, -4.876e+01, -3.056e+00, -5.943e+01, -1.571e+00,  4.964e+00,  4.252e-01, -2.649e-04,  1.535e-03, -2.668e-05,  3.114e-04,  7.286e-04, -8.505e-03, -5.297e-06,  3.069e-05, -3.635e-03, -3.114e-04,  6.656e-04,  5.836e+02,  6.656e-04,  5.836e+02,  4.850e-08,  4.252e-02,  4.850e-08,  1.654e-24,
 5.904e+06, -7.028e+01,  1.656e+00, -4.888e+01, -3.057e+00, -5.958e+01, -1.571e+00,  4.964e+00,  4.224e-01, -2.577e-04,  1.504e-03, -2.596e-05,  3.051e-04,  7.187e-04, -8.447e-03, -5.155e-06,  3.007e-05, -3.586e-03, -3.051e-04,  6.477e-04,  5.877e+02,  6.477e-04,  5.877e+02,  4.655e-08,  4.224e-02,  4.655e-08,  0.000e+00,
 5.944e+06, -7.046e+01,  1.655e+00, -4.899e+01, -3.057e+00, -5.972e+01, -1.571e+00,  4.965e+00,  4.195e-01, -2.509e-04,  1.474e-03, -2.527e-05,  2.990e-04,  7.090e-04, -8.391e-03, -5.017e-06,  2.947e-05, -3.538e-03, -2.990e-04,  6.304e-04,  5.917e+02,  6.304e-04,  5.917e+02,  4.470e-08,  4.195e-02,  4.470e-08,  0.000e+00,
 5.984e+06, -7.063e+01,  1.655e+00, -4.911e+01, -3.058e+00, -5.987e+01, -1.571e+00,  4.965e+00,  4.167e-01, -2.442e-04,  1.445e-03, -2.459e-05,  2.930e-04,  6.996e-04, -8.335e-03, -4.884e-06,  2.889e-05, -3.491e-03, -2.930e-04,  6.136e-04,  5.957e+02,  6.136e-04,  5.957e+02,  4.293e-08,  4.167e-02,  4.293e-08, -1.654e-24,
 6.024e+06, -7.081e+01,  1.654e+00, -4.923e+01, -3.058e+00, -6.002e+01, -1.571e+00,  4.965e+00,  4.140e-01, -2.378e-04,  1.416e-03, -2.394e-05,  2.872e-04,  6.903e-04, -8.279e-03, -4.755e-06,  2.832e-05, -3.445e-03, -2.872e-04,  5.974e-04,  5.997e+02,  5.974e-04,  5.997e+02,  4.124e-08,  4.140e-02,  4.124e-08,  0.000e+00,
 6.064e+06, -7.098e+01,  1.653e+00, -4.934e+01, -3.059e+00, -6.016e+01, -1.571e+00,  4.966e+00,  4.112e-01, -2.315e-04,  1.388e-03, -2.331e-05,  2.815e-04,  6.812e-04, -8.225e-03, -4.631e-06,  2.777e-05, -3.399e-03, -2.815e-04,  5.818e-04,  6.038e+02,  5.818e-04,  6.038e+02,  3.963e-08,  4.112e-02,  3.963e-08,  0.000e+00,
 6.104e+06, -7.115e+01,  1.653e+00, -4.946e+01, -3.060e+00, -6.030e+01, -1.571e+00,  4.966e+00,  4.086e-01, -2.255e-04,  1.361e-03, -2.270e-05,  2.760e-04,  6.722e-04, -8.171e-03, -4.510e-06,  2.723e-05, -3.355e-03, -2.760e-04,  5.666e-04,  6.078e+02,  5.666e-04,  6.078e+02,  3.809e-08,  4.086e-02,  3.809e-08, -8.272e-25,
 6.145e+06, -7.132e+01,  1.652e+00, -4.957e+01, -3.060e+00, -6.045e+01, -1.571e+00,  4.967e+00,  4.059e-01, -2.197e-04,  1.335e-03, -2.212e-05,  2.706e-04,  6.635e-04, -8.118e-03, -4.394e-06,  2.670e-05, -3.311e-03, -2.706e-04,  5.519e-04,  6.118e+02,  5.519e-04,  6.118e+02,  3.662e-08,  4.059e-02,  3.662e-08, -1.654e-24,
 6.185e+06, -7.149e+01,  1.652e+00, -4.968e+01, -3.061e+00, -6.059e+01, -1.571e+00,  4.967e+00,  4.033e-01, -2.141e-04,  1.310e-03, -2.155e-05,  2.654e-04,  6.549e-04, -8.066e-03, -4.281e-06,  2.619e-05, -3.269e-03, -2.654e-04,  5.377e-04,  6.158e+02,  5.377e-04,  6.158e+02,  3.521e-08,  4.033e-02,  3.521e-08,  0.000e+00,
 6.225e+06, -7.166e+01,  1.651e+00, -4.980e+01, -3.061e+00, -6.073e+01, -1.571e+00,  4.968e+00,  4.007e-01, -2.086e-04,  1.285e-03, -2.099e-05,  2.603e-04,  6.464e-04, -8.014e-03, -4.172e-06,  2.569e-05, -3.227e-03, -2.603e-04,  5.240e-04,  6.199e+02,  5.240e-04,  6.199e+02,  3.387e-08,  4.007e-02,  3.387e-08,  8.272e-25,
 6.265e+06, -7.183e+01,  1.651e+00, -4.991e+01, -3.062e+00, -6.087e+01, -1.571e+00,  4.968e+00,  3.982e-01, -2.033e-04,  1.260e-03, -2.046e-05,  2.553e-04,  6.382e-04, -7.963e-03, -4.066e-06,  2.520e-05, -3.186e-03, -2.553e-04,  5.107e-04,  6.239e+02,  5.107e-04,  6.239e+02,  3.259e-08,  3.982e-02,  3.259e-08,  0.000e+00,
 6.305e+06, -7.200e+01,  1.650e+00, -5.002e+01, -3.062e+00, -6.101e+01, -1.571e+00,  4.968e+00,  3.956e-01, -1.982e-04,  1.237e-03, -1.994e-05,  2.505e-04,  6.301e-04, -7.913e-03, -3.964e-06,  2.473e-05, -3.145e-03, -2.505e-04,  4.978e-04,  6.279e+02,  4.978e-04,  6.279e+02,  3.136e-08,  3.956e-02,  3.136e-08,  0.000e+00,
 6.345e+06, -7.216e+01,  1.650e+00, -5.013e+01, -3.063e+00, -6.115e+01, -1.571e+00,  4.969e+00,  3.931e-01, -1.932e-04,  1.213e-03, -1.944e-05,  2.457e-04,  6.221e-04, -7.863e-03, -3.864e-06,  2.427e-05, -3.106e-03, -2.457e-04,  4.853e-04,  6.319e+02,  4.853e-04,  6.319e+02,  3.019e-08,  3.931e-02,  3.019e-08,  0.000e+00,
 6.386e+06, -7.233e+01,  1.649e+00, -5.024e+01, -3.063e+00, -6.128e+01, -1.571e+00,  4.969e+00,  3.907e-01, -1.884e-04,  1.191e-03, -1.896e-05,  2.411e-04,  6.143e-04, -7.814e-03, -3.768e-06,  2.382e-05, -3.067e-03, -2.411e-04,  4.732e-04,  6.360e+02,  4.732e-04,  6.360e+02,  2.907e-08,  3.907e-02,  2.907e-08,  1.654e-24,
 6.426e+06, -7.249e+01,  1.649e+00, -5.035e+01, -3.064e+00, -6.142e+01, -1.571e+00,  4.970e+00,  3.883e-01, -1.838e-04,  1.169e-03, -1.849e-05,  2.366e-04,  6.067e-04, -7.765e-03, -3.675e-06,  2.338e-05, -3.029e-03, -2.366e-04,  4.615e-04,  6.400e+02,  4.615e-04,  6.400e+02,  2.800e-08,  3.883e-02,  2.800e-08, -8.272e-25,
 6.466e+06, -7.265e+01,  1.648e+00, -5.046e+01, -3.064e+00, -6.156e+01, -1.571e+00,  4.970e+00,  3.859e-01, -1.792e-04,  1.147e-03, -1.803e-05,  2.323e-04,  5.992e-04, -7.717e-03, -3.585e-06,  2.295e-05, -2.991e-03, -2.322e-04,  4.501e-04,  6.440e+02,  4.501e-04,  6.440e+02,  2.697e-08,  3.859e-02,  2.697e-08,  0.000e+00,
 6.506e+06, -7.282e+01,  1.648e+00, -5.056e+01, -3.065e+00, -6.169e+01, -1.571e+00,  4.970e+00,  3.835e-01, -1.749e-04,  1.126e-03, -1.759e-05,  2.280e-04,  5.918e-04, -7.670e-03, -3.497e-06,  2.253e-05, -2.955e-03, -2.280e-04,  4.391e-04,  6.480e+02,  4.391e-04,  6.480e+02,  2.599e-08,  3.835e-02,  2.599e-08,  0.000e+00,
 6.546e+06, -7.298e+01,  1.647e+00, -5.067e+01, -3.065e+00, -6.182e+01, -1.571e+00,  4.971e+00,  3.812e-01, -1.706e-04,  1.106e-03, -1.716e-05,  2.238e-04,  5.845e-04, -7.623e-03, -3.412e-06,  2.212e-05, -2.919e-03, -2.238e-04,  4.284e-04,  6.521e+02,  4.284e-04,  6.521e+02,  2.504e-08,  3.812e-02,  2.504e-08,  8.272e-25,
 6.586e+06, -7.314e+01,  1.647e+00, -5.078e+01, -3.066e+00, -6.196e+01, -1.571e+00,  4.971e+00,  3.788e-01, -1.665e-04,  1.086e-03, -1.675e-05,  2.197e-04,  5.774e-04, -7.577e-03, -3.330e-06,  2.172e-05, -2.883e-03, -2.197e-04,  4.181e-04,  6.561e+02,  4.181e-04,  6.561e+02,  2.414e-08,  3.788e-02,  2.414e-08,  4.136e-25,
 6.627e+06, -7.330e+01,  1.646e+00, -5.088e+01, -3.066e+00, -6.209e+01, -1.571e+00,  4.971e+00,  3.766e-01, -1.625e-04,  1.067e-03, -1.634e-05,  2.158e-04,  5.705e-04, -7.531e-03, -3.250e-06,  2.133e-05, -2.849e-03, -2.158e-04,  4.080e-04,  6.601e+02,  4.080e-04,  6.601e+02,  2.328e-08,  3.766e-02,  2.328e-08,  0.000e+00,
 6.667e+06, -7.345e+01,  1.646e+00, -5.099e+01, -3.066e+00, -6.222e+01, -1.571e+00,  4.972e+00,  3.743e-01, -1.586e-04,  1.048e-03, -1.595e-05,  2.119e-04,  5.636e-04, -7.486e-03, -3.172e-06,  2.095e-05, -2.814e-03, -2.119e-04,  3.983e-04,  6.641e+02,  3.983e-04,  6.641e+02,  2.245e-08,  3.743e-02,  2.245e-08,  4.136e-25,
 6.707e+06, -7.361e+01,  1.645e+00, -5.109e+01, -3.067e+00, -6.235e+01, -1.571e+00,  4.972e+00,  3.721e-01, -1.549e-04,  1.029e-03, -1.557e-05,  2.081e-04,  5.569e-04, -7.442e-03, -3.097e-06,  2.058e-05, -2.781e-03, -2.081e-04,  3.888e-04,  6.682e+02,  3.888e-04,  6.682e+02,  2.165e-08,  3.721e-02,  2.165e-08,  8.272e-25,
 6.747e+06, -7.377e+01,  1.645e+00, -5.120e+01, -3.067e+00, -6.248e+01, -1.571e+00,  4.972e+00,  3.699e-01, -1.512e-04,  1.011e-03, -1.521e-05,  2.044e-04,  5.503e-04, -7.398e-03, -3.024e-06,  2.022e-05, -2.748e-03, -2.044e-04,  3.797e-04,  6.722e+02,  3.797e-04,  6.722e+02,  2.089e-08,  3.699e-02,  2.089e-08, -4.136e-25,
 6.787e+06, -7.392e+01,  1.645e+00, -5.130e+01, -3.068e+00, -6.261e+01, -1.571e+00,  4.973e+00,  3.677e-01, -1.477e-04,  9.931e-04, -1.485e-05,  2.008e-04,  5.438e-04, -7.354e-03, -2.953e-06,  1.986e-05, -2.716e-03, -2.008e-04,  3.708e-04,  6.762e+02,  3.708e-04,  6.762e+02,  2.016e-08,  3.677e-02,  2.016e-08, -4.136e-25,
 6.827e+06, -7.407e+01,  1.644e+00, -5.140e+01, -3.068e+00, -6.274e+01, -1.571e+00,  4.973e+00,  3.655e-01, -1.442e-04,  9.758e-04, -1.450e-05,  1.973e-04,  5.374e-04, -7.311e-03, -2.885e-06,  1.952e-05, -2.684e-03, -1.973e-04,  3.621e-04,  6.802e+02,  3.621e-04,  6.802e+02,  1.946e-08,  3.655e-02,  1.946e-08, -8.272e-25,
 6.867e+06, -7.423e+01,  1.644e+00, -5.150e+01, -3.069e+00, -6.287e+01, -1.571e+00,  4.973e+00,  3.634e-01, -1.409e-04,  9.589e-04, -1.416e-05,  1.938e-04,  5.311e-04, -7.268e-03, -2.818e-06,  1.918e-05, -2.653e-03, -1.938e-04,  3.537e-04,  6.842e+02,  3.537e-04,  6.842e+02,  1.879e-08,  3.634e-02,  1.879e-08, -4.136e-25,
 6.908e+06, -7.438e+01,  1.643e+00, -5.160e+01, -3.069e+00, -6.299e+01, -1.571e+00,  4.974e+00,  3.613e-01, -1.376e-04,  9.424e-04, -1.384e-05,  1.905e-04,  5.250e-04, -7.226e-03, -2.753e-06,  1.885e-05, -2.622e-03, -1.905e-04,  3.456e-04,  6.883e+02,  3.456e-04,  6.883e+02,  1.814e-08,  3.613e-02,  1.814e-08,  0.000e+00,
 6.948e+06, -7.453e+01,  1.643e+00, -5.171e+01, -3.069e+00, -6.312e+01, -1.571e+00,  4.974e+00,  3.592e-01, -1.345e-04,  9.263e-04, -1.352e-05,  1.872e-04,  5.189e-04, -7.185e-03, -2.690e-06,  1.853e-05, -2.592e-03, -1.872e-04,  3.376e-04,  6.923e+02,  3.376e-04,  6.923e+02,  1.752e-08,  3.592e-02,  1.752e-08, -4.136e-25,
 6.988e+06, -7.468e+01,  1.642e+00, -5.181e+01, -3.070e+00, -6.324e+01, -1.571e+00,  4.974e+00,  3.572e-01, -1.314e-04,  9.105e-04, -1.321e-05,  1.840e-04,  5.130e-04, -7.144e-03, -2.629e-06,  1.821e-05, -2.562e-03, -1.840e-04,  3.300e-04,  6.963e+02,  3.300e-04,  6.963e+02,  1.693e-08,  3.572e-02,  1.693e-08, -4.136e-25,
 7.028e+06, -7.483e+01,  1.642e+00, -5.190e+01, -3.070e+00, -6.337e+01, -1.571e+00,  4.975e+00,  3.552e-01, -1.285e-04,  8.951e-04, -1.291e-05,  1.809e-04,  5.071e-04, -7.103e-03, -2.569e-06,  1.790e-05, -2.533e-03, -1.808e-04,  3.225e-04,  7.003e+02,  3.225e-04,  7.003e+02,  1.635e-08,  3.552e-02,  1.635e-08, -8.272e-25,
 7.068e+06, -7.498e+01,  1.642e+00, -5.200e+01, -3.071e+00, -6.349e+01, -1.571e+00,  4.975e+00,  3.532e-01, -1.256e-04,  8.800e-04, -1.262e-05,  1.778e-04,  5.014e-04, -7.063e-03, -2.511e-06,  1.760e-05, -2.505e-03, -1.778e-04,  3.152e-04,  7.044e+02,  3.152e-04,  7.044e+02,  1.580e-08,  3.532e-02,  1.580e-08,  0.000e+00,
 7.108e+06, -7.513e+01,  1.641e+00, -5.210e+01, -3.071e+00, -6.362e+01, -1.571e+00,  4.975e+00,  3.512e-01, -1.228e-04,  8.653e-04, -1.234e-05,  1.748e-04,  4.957e-04, -7.023e-03, -2.455e-06,  1.731e-05, -2.476e-03, -1.748e-04,  3.081e-04,  7.084e+02,  3.081e-04,  7.084e+02,  1.528e-08,  3.512e-02,  1.528e-08,  0.000e+00,
 7.149e+06, -7.528e+01,  1.641e+00, -5.220e+01, -3.072e+00, -6.374e+01, -1.571e+00,  4.975e+00,  3.492e-01, -1.200e-04,  8.509e-04, -1.206e-05,  1.719e-04,  4.902e-04, -6.984e-03, -2.401e-06,  1.702e-05, -2.449e-03, -1.719e-04,  3.013e-04,  7.124e+02,  3.013e-04,  7.124e+02,  1.477e-08,  3.492e-02,  1.477e-08,  0.000e+00,
 7.189e+06, -7.542e+01,  1.640e+00, -5.230e+01, -3.072e+00, -6.386e+01, -1.571e+00,  4.976e+00,  3.473e-01, -1.174e-04,  8.368e-04, -1.179e-05,  1.690e-04,  4.847e-04, -6.945e-03, -2.347e-06,  1.674e-05, -2.421e-03, -1.690e-04,  2.946e-04,  7.164e+02,  2.946e-04,  7.164e+02,  1.428e-08,  3.473e-02,  1.428e-08,  0.000e+00,
 7.229e+06, -7.557e+01,  1.640e+00, -5.239e+01, -3.072e+00, -6.398e+01, -1.571e+00,  4.976e+00,  3.453e-01, -1.148e-04,  8.230e-04, -1.153e-05,  1.662e-04,  4.793e-04, -6.907e-03, -2.296e-06,  1.646e-05, -2.395e-03, -1.662e-04,  2.881e-04,  7.205e+02,  2.881e-04,  7.205e+02,  1.381e-08,  3.453e-02,  1.381e-08, -4.136e-25,
 7.269e+06, -7.571e+01,  1.640e+00, -5.249e+01, -3.073e+00, -6.410e+01, -1.571e+00,  4.976e+00,  3.434e-01, -1.123e-04,  8.095e-04, -1.128e-05,  1.635e-04,  4.741e-04, -6.869e-03, -2.245e-06,  1.619e-05, -2.368e-03, -1.635e-04,  2.818e-04,  7.245e+02,  2.818e-04,  7.245e+02,  1.336e-08,  3.434e-02,  1.336e-08,  0.000e+00,
 7.309e+06, -7.586e+01,  1.639e+00, -5.259e+01, -3.073e+00, -6.422e+01, -1.571e+00,  4.977e+00,  3.416e-01, -1.098e-04,  7.963e-04, -1.103e-05,  1.608e-04,  4.689e-04, -6.831e-03, -2.197e-06,  1.593e-05, -2.342e-03, -1.608e-04,  2.757e-04,  7.285e+02,  2.757e-04,  7.285e+02,  1.292e-08,  3.416e-02,  1.292e-08,  0.000e+00,
 7.349e+06, -7.600e+01,  1.639e+00, -5.268e+01, -3.073e+00, -6.434e+01, -1.571e+00,  4.977e+00,  3.397e-01, -1.075e-04,  7.834e-04, -1.080e-05,  1.582e-04,  4.638e-04, -6.794e-03, -2.149e-06,  1.567e-05, -2.317e-03, -1.582e-04,  2.697e-04,  7.325e+02,  2.697e-04,  7.325e+02,  1.251e-08,  3.397e-02,  1.251e-08, -2.068e-25,
 7.390e+06, -7.614e+01,  1.639e+00, -5.278e+01, -3.074e+00, -6.446e+01, -1.571e+00,  4.977e+00,  3.379e-01, -1.051e-04,  7.708e-04, -1.056e-05,  1.556e-04,  4.587e-04, -6.757e-03, -2.103e-06,  1.542e-05, -2.292e-03, -1.556e-04,  2.639e-04,  7.365e+02,  2.639e-04,  7.365e+02,  1.210e-08,  3.379e-02,  1.210e-08,  0.000e+00,
 7.430e+06, -7.628e+01,  1.638e+00, -5.287e+01, -3.074e+00, -6.458e+01, -1.571e+00,  4.977e+00,  3.361e-01, -1.029e-04,  7.585e-04, -1.034e-05,  1.531e-04,  4.538e-04, -6.721e-03, -2.058e-06,  1.517e-05, -2.267e-03, -1.531e-04,  2.582e-04,  7.406e+02,  2.582e-04,  7.406e+02,  1.172e-08,  3.361e-02,  1.172e-08, -6.204e-25,
 7.470e+06, -7.642e+01,  1.638e+00, -5.296e+01, -3.075e+00, -6.469e+01, -1.571e+00,  4.978e+00,  3.343e-01, -1.007e-04,  7.464e-04, -1.011e-05,  1.506e-04,  4.489e-04, -6.685e-03, -2.014e-06,  1.493e-05, -2.243e-03, -1.506e-04,  2.527e-04,  7.446e+02,  2.527e-04,  7.446e+02,  1.134e-08,  3.343e-02,  1.134e-08,  0.000e+00,
 7.510e+06, -7.656e+01,  1.637e+00, -5.306e+01, -3.075e+00, -6.481e+01, -1.571e+00,  4.978e+00,  3.325e-01, -9.856e-05,  7.345e-04, -9.900e-06,  1.482e-04,  4.441e-04, -6.649e-03, -1.971e-06,  1.469e-05, -2.219e-03, -1.482e-04,  2.473e-04,  7.486e+02,  2.473e-04,  7.486e+02,  1.098e-08,  3.325e-02,  1.098e-08,  0.000e+00,
 7.550e+06, -7.670e+01,  1.637e+00, -5.315e+01, -3.075e+00, -6.493e+01, -1.571e+00,  4.978e+00,  3.307e-01, -9.648e-05,  7.229e-04, -9.691e-06,  1.459e-04,  4.394e-04, -6.614e-03, -1.930e-06,  1.446e-05, -2.196e-03, -1.459e-04,  2.421e-04,  7.526e+02,  2.421e-04,  7.526e+02,  1.064e-08,  3.307e-02,  1.064e-08,  2.068e-25,
 7.590e+06, -7.684e+01,  1.637e+00, -5.324e+01, -3.076e+00, -6.504e+01, -1.571e+00,  4.978e+00,  3.290e-01, -9.446e-05,  7.116e-04, -9.487e-06,  1.436e-04,  4.348e-04, -6.579e-03, -1.889e-06,  1.423e-05, -2.173e-03, -1.436e-04,  2.370e-04,  7.566e+02,  2.370e-04,  7.566e+02,  1.031e-08,  3.290e-02,  1.031e-08,  0.000e+00,
 7.631e+06, -7.698e+01,  1.636e+00, -5.333e+01, -3.076e+00, -6.516e+01, -1.571e+00,  4.978e+00,  3.272e-01, -9.249e-05,  7.005e-04, -9.289e-06,  1.413e-04,  4.302e-04, -6.545e-03, -1.850e-06,  1.401e-05, -2.150e-03, -1.413e-04,  2.321e-04,  7.607e+02,  2.321e-04,  7.607e+02,  9.984e-09,  3.272e-02,  9.984e-09, -2.068e-25,
 7.671e+06, -7.711e+01,  1.636e+00, -5.342e+01, -3.076e+00, -6.527e+01, -1.571e+00,  4.979e+00,  3.255e-01, -9.057e-05,  6.896e-04, -9.095e-06,  1.391e-04,  4.257e-04, -6.511e-03, -1.811e-06,  1.379e-05, -2.127e-03, -1.391e-04,  2.273e-04,  7.647e+02,  2.273e-04,  7.647e+02,  9.675e-09,  3.255e-02,  9.675e-09,  2.068e-25,
 7.711e+06, -7.725e+01,  1.636e+00, -5.352e+01, -3.077e+00, -6.538e+01, -1.571e+00,  4.979e+00,  3.239e-01, -8.870e-05,  6.789e-04, -8.907e-06,  1.369e-04,  4.213e-04, -6.477e-03, -1.774e-06,  1.358e-05, -2.105e-03, -1.369e-04,  2.226e-04,  7.687e+02,  2.226e-04,  7.687e+02,  9.376e-09,  3.239e-02,  9.376e-09,  2.068e-25,
 7.751e+06, -7.739e+01,  1.635e+00, -5.361e+01, -3.077e+00, -6.550e+01, -1.571e+00,  4.979e+00,  3.222e-01, -8.687e-05,  6.685e-04, -8.724e-06,  1.348e-04,  4.169e-04, -6.444e-03, -1.737e-06,  1.337e-05, -2.084e-03, -1.348e-04,  2.180e-04,  7.727e+02,  2.180e-04,  7.727e+02,  9.088e-09,  3.222e-02,  9.088e-09,  0.000e+00,
 7.791e+06, -7.752e+01,  1.635e+00, -5.370e+01, -3.077e+00, -6.561e+01, -1.571e+00,  4.979e+00,  3.205e-01, -8.510e-05,  6.583e-04, -8.545e-06,  1.327e-04,  4.127e-04, -6.411e-03, -1.702e-06,  1.317e-05, -2.062e-03, -1.327e-04,  2.135e-04,  7.767e+02,  2.135e-04,  7.767e+02,  8.811e-09,  3.205e-02,  8.811e-09, -2.068e-25,
 7.831e+06, -7.766e+01,  1.635e+00, -5.378e+01, -3.078e+00, -6.572e+01, -1.571e+00,  4.980e+00,  3.189e-01, -8.337e-05,  6.482e-04, -8.371e-06,  1.307e-04,  4.084e-04, -6.378e-03, -1.667e-06,  1.296e-05, -2.041e-03, -1.307e-04,  2.092e-04,  7.808e+02,  2.092e-04,  7.808e+02,  8.543e-09,  3.189e-02,  8.543e-09,  2.068e-25,
 7.871e+06, -7.779e+01,  1.634e+00, -5.387e+01, -3.078e+00, -6.583e+01, -1.571e+00,  4.980e+00,  3.173e-01, -8.168e-05,  6.384e-04, -8.201e-06,  1.287e-04,  4.043e-04, -6.345e-03, -1.634e-06,  1.277e-05, -2.020e-03, -1.287e-04,  2.049e-04,  7.848e+02,  2.049e-04,  7.848e+02,  8.285e-09,  3.173e-02,  8.285e-09,  0.000e+00,
 7.912e+06, -7.792e+01,  1.634e+00, -5.396e+01, -3.078e+00, -6.594e+01, -1.571e+00,  4.980e+00,  3.157e-01, -8.004e-05,  6.288e-04, -8.036e-06,  1.268e-04,  4.002e-04, -6.313e-03, -1.601e-06,  1.258e-05, -2.000e-03, -1.268e-04,  2.008e-04,  7.888e+02,  2.008e-04,  7.888e+02,  8.036e-09,  3.157e-02,  8.036e-09,  0.000e+00,
 7.952e+06, -7.805e+01,  1.634e+00, -5.405e+01, -3.079e+00, -6.605e+01, -1.571e+00,  4.980e+00,  3.141e-01, -7.843e-05,  6.194e-04, -7.875e-06,  1.249e-04,  3.962e-04, -6.282e-03, -1.569e-06,  1.239e-05, -1.980e-03, -1.249e-04,  1.968e-04,  7.928e+02,  1.968e-04,  7.928e+02,  7.796e-09,  3.141e-02,  7.796e-09,  0.000e+00,
 7.992e+06, -7.819e+01,  1.633e+00, -5.414e+01, -3.079e+00, -6.616e+01, -1.571e+00,  4.980e+00,  3.125e-01, -7.687e-05,  6.101e-04, -7.717e-06,  1.230e-04,  3.922e-04, -6.250e-03, -1.537e-06,  1.220e-05, -1.960e-03, -1.230e-04,  1.929e-04,  7.968e+02,  1.929e-04,  7.968e+02,  7.563e-09,  3.125e-02,  7.563e-09,  0.000e+00,
 8.032e+06, -7.832e+01,  1.633e+00, -5.422e+01, -3.079e+00, -6.627e+01, -1.571e+00,  4.981e+00,  3.109e-01, -7.535e-05,  6.011e-04, -7.564e-06,  1.212e-04,  3.883e-04, -6.219e-03, -1.507e-06,  1.202e-05, -1.941e-03, -1.212e-04,  1.890e-04,  8.009e+02,  1.890e-04,  8.009e+02,  7.339e-09,  3.109e-02,  7.339e-09, -1.034e-25,
 8.072e+06, -7.845e+01,  1.633e+00, -5.431e+01, -3.080e+00, -6.638e+01, -1.571e+00,  4.981e+00,  3.094e-01, -7.386e-05,  5.922e-04, -7.414e-06,  1.194e-04,  3.844e-04, -6.188e-03, -1.477e-06,  1.184e-05, -1.921e-03, -1.194e-04,  1.853e-04,  8.049e+02,  1.853e-04,  8.049e+02,  7.123e-09,  3.094e-02,  7.123e-09, -1.034e-25,
 8.112e+06, -7.858e+01,  1.633e+00, -5.440e+01, -3.080e+00, -6.649e+01, -1.571e+00,  4.981e+00,  3.079e-01, -7.241e-05,  5.835e-04, -7.269e-06,  1.176e-04,  3.806e-04, -6.158e-03, -1.448e-06,  1.167e-05, -1.902e-03, -1.176e-04,  1.817e-04,  8.089e+02,  1.817e-04,  8.089e+02,  6.914e-09,  3.079e-02,  6.914e-09,  0.000e+00,
 8.153e+06, -7.870e+01,  1.632e+00, -5.448e+01, -3.080e+00, -6.659e+01, -1.571e+00,  4.981e+00,  3.064e-01, -7.099e-05,  5.749e-04, -7.126e-06,  1.159e-04,  3.769e-04, -6.127e-03, -1.420e-06,  1.150e-05, -1.884e-03, -1.159e-04,  1.781e-04,  8.129e+02,  1.781e-04,  8.129e+02,  6.712e-09,  3.064e-02,  6.712e-09,  0.000e+00,
 8.193e+06, -7.883e+01,  1.632e+00, -5.457e+01, -3.080e+00, -6.670e+01, -1.571e+00,  4.981e+00,  3.049e-01, -6.961e-05,  5.666e-04, -6.987e-06,  1.142e-04,  3.732e-04, -6.098e-03, -1.392e-06,  1.133e-05, -1.865e-03, -1.142e-04,  1.746e-04,  8.169e+02,  1.746e-04,  8.169e+02,  6.517e-09,  3.049e-02,  6.517e-09,  1.034e-25,
 8.233e+06, -7.896e+01,  1.632e+00, -5.465e+01, -3.081e+00, -6.681e+01, -1.571e+00,  4.982e+00,  3.034e-01, -6.827e-05,  5.584e-04, -6.852e-06,  1.125e-04,  3.696e-04, -6.068e-03, -1.365e-06,  1.117e-05, -1.847e-03, -1.125e-04,  1.713e-04,  8.210e+02,  1.713e-04,  8.210e+02,  6.329e-09,  3.034e-02,  6.329e-09,  1.034e-25,
 8.273e+06, -7.909e+01,  1.631e+00, -5.474e+01, -3.081e+00, -6.691e+01, -1.571e+00,  4.982e+00,  3.019e-01, -6.695e-05,  5.503e-04, -6.720e-06,  1.109e-04,  3.660e-04, -6.039e-03, -1.339e-06,  1.101e-05, -1.829e-03, -1.109e-04,  1.679e-04,  8.250e+02,  1.679e-04,  8.250e+02,  6.147e-09,  3.019e-02,  6.147e-09,  2.068e-25,
 8.313e+06, -7.921e+01,  1.631e+00, -5.482e+01, -3.081e+00, -6.702e+01, -1.571e+00,  4.982e+00,  3.005e-01, -6.567e-05,  5.424e-04, -6.591e-06,  1.093e-04,  3.625e-04, -6.009e-03, -1.313e-06,  1.085e-05, -1.812e-03, -1.093e-04,  1.647e-04,  8.290e+02,  1.647e-04,  8.290e+02,  5.971e-09,  3.005e-02,  5.971e-09, -1.034e-25,
 8.353e+06, -7.934e+01,  1.631e+00, -5.491e+01, -3.082e+00, -6.712e+01, -1.571e+00,  4.982e+00,  2.990e-01, -6.442e-05,  5.347e-04, -6.465e-06,  1.077e-04,  3.590e-04, -5.981e-03, -1.288e-06,  1.069e-05, -1.794e-03, -1.077e-04,  1.616e-04,  8.330e+02,  1.616e-04,  8.330e+02,  5.800e-09,  2.990e-02,  5.800e-09,  2.068e-25,
 8.394e+06, -7.946e+01,  1.630e+00, -5.499e+01, -3.082e+00, -6.723e+01, -1.571e+00,  4.982e+00,  2.976e-01, -6.319e-05,  5.271e-04, -6.342e-06,  1.062e-04,  3.555e-04, -5.952e-03, -1.264e-06,  1.054e-05, -1.777e-03, -1.062e-04,  1.585e-04,  8.370e+02,  1.585e-04,  8.370e+02,  5.636e-09,  2.976e-02,  5.636e-09,  0.000e+00,
 8.434e+06, -7.959e+01,  1.630e+00, -5.507e+01, -3.082e+00, -6.733e+01, -1.571e+00,  4.982e+00,  2.962e-01, -6.200e-05,  5.196e-04, -6.222e-06,  1.047e-04,  3.522e-04, -5.924e-03, -1.240e-06,  1.039e-05, -1.760e-03, -1.047e-04,  1.555e-04,  8.411e+02,  1.555e-04,  8.411e+02,  5.477e-09,  2.962e-02,  5.477e-09,  1.034e-25,
 8.474e+06, -7.971e+01,  1.630e+00, -5.515e+01, -3.082e+00, -6.743e+01, -1.571e+00,  4.983e+00,  2.948e-01, -6.083e-05,  5.123e-04, -6.105e-06,  1.032e-04,  3.488e-04, -5.896e-03, -1.217e-06,  1.025e-05, -1.744e-03, -1.032e-04,  1.526e-04,  8.451e+02,  1.526e-04,  8.451e+02,  5.323e-09,  2.948e-02,  5.323e-09,  2.068e-25,
 8.514e+06, -7.984e+01,  1.630e+00, -5.524e+01, -3.083e+00, -6.754e+01, -1.571e+00,  4.983e+00,  2.934e-01, -5.969e-05,  5.051e-04, -5.990e-06,  1.017e-04,  3.456e-04, -5.868e-03, -1.194e-06,  1.010e-05, -1.727e-03, -1.017e-04,  1.497e-04,  8.491e+02,  1.497e-04,  8.491e+02,  5.174e-09,  2.934e-02,  5.174e-09, -2.068e-25,
 8.554e+06, -7.996e+01,  1.629e+00, -5.532e+01, -3.083e+00, -6.764e+01, -1.571e+00,  4.983e+00,  2.920e-01, -5.858e-05,  4.981e-04, -5.878e-06,  1.003e-04,  3.423e-04, -5.841e-03, -1.172e-06,  9.961e-06, -1.711e-03, -1.003e-04,  1.469e-04,  8.531e+02,  1.469e-04,  8.531e+02,  5.030e-09,  2.920e-02,  5.030e-09,  2.068e-25,
 8.594e+06, -8.008e+01,  1.629e+00, -5.540e+01, -3.083e+00, -6.774e+01, -1.571e+00,  4.983e+00,  2.907e-01, -5.750e-05,  4.911e-04, -5.769e-06,  9.890e-05,  3.391e-04, -5.814e-03, -1.150e-06,  9.823e-06, -1.695e-03, -9.890e-05,  1.442e-04,  8.571e+02,  1.442e-04,  8.571e+02,  4.890e-09,  2.907e-02,  4.890e-09, -1.034e-25,
 8.635e+06, -8.020e+01,  1.629e+00, -5.548e+01, -3.084e+00, -6.784e+01, -1.571e+00,  4.983e+00,  2.893e-01, -5.643e-05,  4.843e-04, -5.662e-06,  9.753e-05,  3.360e-04, -5.787e-03, -1.129e-06,  9.687e-06, -1.680e-03, -9.752e-05,  1.415e-04,  8.612e+02,  1.415e-04,  8.612e+02,  4.756e-09,  2.893e-02,  4.756e-09,  0.000e+00,
 8.675e+06, -8.032e+01,  1.629e+00, -5.556e+01, -3.084e+00, -6.794e+01, -1.571e+00,  4.983e+00,  2.880e-01, -5.540e-05,  4.777e-04, -5.558e-06,  9.618e-05,  3.329e-04, -5.760e-03, -1.108e-06,  9.554e-06, -1.664e-03, -9.618e-05,  1.389e-04,  8.652e+02,  1.389e-04,  8.652e+02,  4.625e-09,  2.880e-02,  4.625e-09,  1.034e-25,
 8.715e+06, -8.044e+01,  1.628e+00, -5.564e+01, -3.084e+00, -6.804e+01, -1.571e+00,  4.984e+00,  2.867e-01, -5.438e-05,  4.711e-04, -5.456e-06,  9.485e-05,  3.298e-04, -5.733e-03, -1.088e-06,  9.423e-06, -1.649e-03, -9.485e-05,  1.364e-04,  8.692e+02,  1.364e-04,  8.692e+02,  4.499e-09,  2.867e-02,  4.499e-09, -1.034e-25,
 8.755e+06, -8.056e+01,  1.628e+00, -5.572e+01, -3.084e+00, -6.814e+01, -1.571e+00,  4.984e+00,  2.854e-01, -5.339e-05,  4.647e-04, -5.357e-06,  9.355e-05,  3.268e-04, -5.707e-03, -1.068e-06,  9.294e-06, -1.634e-03, -9.355e-05,  1.339e-04,  8.732e+02,  1.339e-04,  8.732e+02,  4.376e-09,  2.854e-02,  4.376e-09,  1.034e-25,
 8.795e+06, -8.068e+01,  1.628e+00, -5.580e+01, -3.085e+00, -6.824e+01, -1.571e+00,  4.984e+00,  2.841e-01, -5.243e-05,  4.584e-04, -5.260e-06,  9.228e-05,  3.238e-04, -5.681e-03, -1.049e-06,  9.168e-06, -1.619e-03, -9.228e-05,  1.315e-04,  8.772e+02,  1.315e-04,  8.772e+02,  4.258e-09,  2.841e-02,  4.258e-09, -1.034e-25,
 8.835e+06, -8.080e+01,  1.627e+00, -5.588e+01, -3.085e+00, -6.834e+01, -1.571e+00,  4.984e+00,  2.828e-01, -5.148e-05,  4.522e-04, -5.165e-06,  9.103e-05,  3.209e-04, -5.656e-03, -1.030e-06,  9.044e-06, -1.604e-03, -9.103e-05,  1.291e-04,  8.813e+02,  1.291e-04,  8.813e+02,  4.143e-09,  2.828e-02,  4.143e-09,  0.000e+00,
 8.876e+06, -8.092e+01,  1.627e+00, -5.596e+01, -3.085e+00, -6.844e+01, -1.571e+00,  4.984e+00,  2.815e-01, -5.056e-05,  4.461e-04, -5.072e-06,  8.980e-05,  3.180e-04, -5.630e-03, -1.011e-06,  8.922e-06, -1.590e-03, -8.980e-05,  1.268e-04,  8.853e+02,  1.268e-04,  8.853e+02,  4.032e-09,  2.815e-02,  4.032e-09, -1.034e-25,
 8.916e+06, -8.104e+01,  1.627e+00, -5.604e+01, -3.085e+00, -6.854e+01, -1.571e+00,  4.984e+00,  2.802e-01, -4.965e-05,  4.401e-04, -4.981e-06,  8.859e-05,  3.151e-04, -5.605e-03, -9.930e-07,  8.803e-06, -1.576e-03, -8.859e-05,  1.245e-04,  8.893e+02,  1.245e-04,  8.893e+02,  3.924e-09,  2.802e-02,  3.924e-09, -5.170e-26,
 8.956e+06, -8.116e+01,  1.627e+00, -5.612e+01, -3.086e+00, -6.864e+01, -1.571e+00,  4.984e+00,  2.790e-01, -4.877e-05,  4.343e-04, -4.892e-06,  8.740e-05,  3.123e-04, -5.580e-03, -9.753e-07,  8.686e-06, -1.562e-03, -8.740e-05,  1.223e-04,  8.933e+02,  1.223e-04,  8.933e+02,  3.819e-09,  2.790e-02,  3.819e-09,  1.551e-25,
 8.996e+06, -8.127e+01,  1.626e+00, -5.619e+01, -3.086e+00, -6.873e+01, -1.571e+00,  4.985e+00,  2.777e-01, -4.790e-05,  4.285e-04, -4.805e-06,  8.624e-05,  3.095e-04, -5.555e-03, -9.581e-07,  8.570e-06, -1.548e-03, -8.624e-05,  1.201e-04,  8.973e+02,  1.201e-04,  8.973e+02,  3.718e-09,  2.777e-02,  3.718e-09,  5.170e-26,
 9.036e+06, -8.139e+01,  1.626e+00, -5.627e+01, -3.086e+00, -6.883e+01, -1.571e+00,  4.985e+00,  2.765e-01, -4.706e-05,  4.228e-04, -4.720e-06,  8.509e-05,  3.068e-04, -5.530e-03, -9.412e-07,  8.457e-06, -1.534e-03, -8.509e-05,  1.180e-04,  9.013e+02,  1.180e-04,  9.013e+02,  3.620e-09,  2.765e-02,  3.620e-09,  0.000e+00,
 9.076e+06, -8.150e+01,  1.626e+00, -5.635e+01, -3.086e+00, -6.893e+01, -1.571e+00,  4.985e+00,  2.753e-01, -4.623e-05,  4.173e-04, -4.637e-06,  8.397e-05,  3.041e-04, -5.506e-03, -9.246e-07,  8.346e-06, -1.520e-03, -8.397e-05,  1.159e-04,  9.054e+02,  1.159e-04,  9.054e+02,  3.525e-09,  2.753e-02,  3.525e-09,  0.000e+00,
 9.116e+06, -8.162e+01,  1.626e+00, -5.642e+01, -3.087e+00, -6.902e+01, -1.571e+00,  4.985e+00,  2.741e-01, -4.542e-05,  4.118e-04, -4.556e-06,  8.286e-05,  3.014e-04, -5.482e-03, -9.084e-07,  8.236e-06, -1.507e-03, -8.286e-05,  1.139e-04,  9.094e+02,  1.139e-04,  9.094e+02,  3.433e-09,  2.741e-02,  3.433e-09,  0.000e+00,
 9.157e+06, -8.173e+01,  1.625e+00, -5.650e+01, -3.087e+00, -6.912e+01, -1.571e+00,  4.985e+00,  2.729e-01, -4.463e-05,  4.064e-04, -4.476e-06,  8.178e-05,  2.988e-04, -5.458e-03, -8.926e-07,  8.129e-06, -1.494e-03, -8.178e-05,  1.119e-04,  9.134e+02,  1.119e-04,  9.134e+02,  3.344e-09,  2.729e-02,  3.344e-09, -1.034e-25,
 9.197e+06, -8.185e+01,  1.625e+00, -5.658e+01, -3.087e+00, -6.921e+01, -1.571e+00,  4.985e+00,  2.717e-01, -4.386e-05,  4.012e-04, -4.399e-06,  8.071e-05,  2.962e-04, -5.434e-03, -8.771e-07,  8.023e-06, -1.481e-03, -8.071e-05,  1.100e-04,  9.174e+02,  1.100e-04,  9.174e+02,  3.257e-09,  2.717e-02,  3.257e-09,  0.000e+00,
 9.237e+06, -8.196e+01,  1.625e+00, -5.665e+01, -3.087e+00, -6.931e+01, -1.571e+00,  4.985e+00,  2.705e-01, -4.310e-05,  3.960e-04, -4.323e-06,  7.966e-05,  2.936e-04, -5.410e-03, -8.620e-07,  7.919e-06, -1.468e-03, -7.966e-05,  1.081e-04,  9.214e+02,  1.081e-04,  9.214e+02,  3.173e-09,  2.705e-02,  3.173e-09, -5.170e-26,
 9.277e+06, -8.208e+01,  1.625e+00, -5.673e+01, -3.088e+00, -6.940e+01, -1.571e+00,  4.985e+00,  2.694e-01, -4.236e-05,  3.909e-04, -4.248e-06,  7.863e-05,  2.910e-04, -5.387e-03, -8.472e-07,  7.817e-06, -1.455e-03, -7.863e-05,  1.062e-04,  9.255e+02,  1.062e-04,  9.255e+02,  3.091e-09,  2.694e-02,  3.091e-09,  5.170e-26,
 9.317e+06, -8.219e+01,  1.625e+00, -5.680e+01, -3.088e+00, -6.950e+01, -1.571e+00,  4.986e+00,  2.682e-01, -4.163e-05,  3.859e-04, -4.175e-06,  7.762e-05,  2.885e-04, -5.364e-03, -8.327e-07,  7.717e-06, -1.443e-03, -7.762e-05,  1.044e-04,  9.295e+02,  1.044e-04,  9.295e+02,  3.012e-09,  2.682e-02,  3.012e-09,  0.000e+00,
 9.357e+06, -8.230e+01,  1.624e+00, -5.688e+01, -3.088e+00, -6.959e+01, -1.571e+00,  4.986e+00,  2.670e-01, -4.092e-05,  3.809e-04, -4.104e-06,  7.662e-05,  2.861e-04, -5.341e-03, -8.185e-07,  7.619e-06, -1.431e-03, -7.662e-05,  1.026e-04,  9.335e+02,  1.026e-04,  9.335e+02,  2.936e-09,  2.670e-02,  2.936e-09, -5.170e-26,
 9.398e+06, -8.241e+01,  1.624e+00, -5.695e+01, -3.088e+00, -6.968e+01, -1.571e+00,  4.986e+00,  2.659e-01, -4.023e-05,  3.761e-04, -4.034e-06,  7.565e-05,  2.836e-04, -5.318e-03, -8.046e-07,  7.522e-06, -1.418e-03, -7.565e-05,  1.009e-04,  9.375e+02,  1.009e-04,  9.375e+02,  2.861e-09,  2.659e-02,  2.861e-09,  0.000e+00,
 9.438e+06, -8.252e+01,  1.624e+00, -5.703e+01, -3.089e+00, -6.977e+01, -1.571e+00,  4.986e+00,  2.648e-01, -3.955e-05,  3.713e-04, -3.966e-06,  7.468e-05,  2.812e-04, -5.296e-03, -7.910e-07,  7.426e-06, -1.406e-03, -7.468e-05,  9.917e-05,  9.415e+02,  9.917e-05,  9.415e+02,  2.789e-09,  2.648e-02,  2.789e-09,  0.000e+00,
 9.478e+06, -8.263e+01,  1.624e+00, -5.710e+01, -3.089e+00, -6.987e+01, -1.571e+00,  4.986e+00,  2.637e-01, -3.888e-05,  3.666e-04, -3.899e-06,  7.374e-05,  2.788e-04, -5.273e-03, -7.777e-07,  7.333e-06, -1.394e-03, -7.374e-05,  9.750e-05,  9.455e+02,  9.750e-05,  9.455e+02,  2.719e-09,  2.637e-02,  2.719e-09,  5.170e-26,
 9.518e+06, -8.274e+01,  1.623e+00, -5.717e+01, -3.089e+00, -6.996e+01, -1.571e+00,  4.986e+00,  2.626e-01, -3.823e-05,  3.620e-04, -3.834e-06,  7.281e-05,  2.765e-04, -5.251e-03, -7.646e-07,  7.241e-06, -1.383e-03, -7.281e-05,  9.586e-05,  9.496e+02,  9.586e-05,  9.496e+02,  2.651e-09,  2.626e-02,  2.651e-09, -5.170e-26,
 9.558e+06, -8.285e+01,  1.623e+00, -5.725e+01, -3.089e+00, -7.005e+01, -1.571e+00,  4.986e+00,  2.615e-01, -3.759e-05,  3.575e-04, -3.770e-06,  7.190e-05,  2.742e-04, -5.229e-03, -7.519e-07,  7.150e-06, -1.371e-03, -7.190e-05,  9.426e-05,  9.536e+02,  9.426e-05,  9.536e+02,  2.584e-09,  2.615e-02,  2.584e-09, -5.170e-26,
 9.598e+06, -8.296e+01,  1.623e+00, -5.732e+01, -3.089e+00, -7.014e+01, -1.571e+00,  4.986e+00,  2.604e-01, -3.697e-05,  3.531e-04, -3.707e-06,  7.100e-05,  2.719e-04, -5.207e-03, -7.394e-07,  7.061e-06, -1.360e-03, -7.100e-05,  9.269e-05,  9.576e+02,  9.269e-05,  9.576e+02,  2.520e-09,  2.604e-02,  2.520e-09, -5.170e-26,
 9.639e+06, -8.307e+01,  1.623e+00, -5.739e+01, -3.090e+00, -7.023e+01, -1.571e+00,  4.987e+00,  2.593e-01, -3.636e-05,  3.487e-04, -3.646e-06,  7.011e-05,  2.696e-04, -5.186e-03, -7.272e-07,  6.973e-06, -1.348e-03, -7.011e-05,  9.116e-05,  9.616e+02,  9.116e-05,  9.616e+02,  2.458e-09,  2.593e-02,  2.458e-09,  0.000e+00,
 9.679e+06, -8.318e+01,  1.623e+00, -5.746e+01, -3.090e+00, -7.032e+01, -1.571e+00,  4.987e+00,  2.582e-01, -3.576e-05,  3.444e-04, -3.585e-06,  6.924e-05,  2.674e-04, -5.164e-03, -7.152e-07,  6.887e-06, -1.337e-03, -6.924e-05,  8.966e-05,  9.656e+02,  8.966e-05,  9.656e+02,  2.397e-09,  2.582e-02,  2.397e-09,  0.000e+00,
 9.719e+06, -8.329e+01,  1.622e+00, -5.754e+01, -3.090e+00, -7.041e+01, -1.571e+00,  4.987e+00,  2.571e-01, -3.517e-05,  3.401e-04, -3.526e-06,  6.839e-05,  2.652e-04, -5.143e-03, -7.034e-07,  6.803e-06, -1.326e-03, -6.839e-05,  8.818e-05,  9.697e+02,  8.818e-05,  9.697e+02,  2.339e-09,  2.571e-02,  2.339e-09,  0.000e+00,
 9.759e+06, -8.340e+01,  1.622e+00, -5.761e+01, -3.090e+00, -7.050e+01, -1.571e+00,  4.987e+00,  2.561e-01, -3.460e-05,  3.360e-04, -3.469e-06,  6.755e-05,  2.630e-04, -5.122e-03, -6.919e-07,  6.719e-06, -1.315e-03, -6.755e-05,  8.674e-05,  9.737e+02,  8.674e-05,  9.737e+02,  2.281e-09,  2.561e-02,  2.281e-09,  2.585e-26,
 9.799e+06, -8.350e+01,  1.622e+00, -5.768e+01, -3.090e+00, -7.059e+01, -1.571e+00,  4.987e+00,  2.550e-01, -3.403e-05,  3.319e-04, -3.412e-06,  6.672e-05,  2.609e-04, -5.101e-03, -6.807e-07,  6.637e-06, -1.305e-03, -6.672e-05,  8.533e-05,  9.777e+02,  8.533e-05,  9.777e+02,  2.226e-09,  2.550e-02,  2.226e-09, -7.755e-26,
 9.839e+06, -8.361e+01,  1.622e+00, -5.775e+01, -3.091e+00, -7.068e+01, -1.571e+00,  4.987e+00,  2.540e-01, -3.348e-05,  3.278e-04, -3.357e-06,  6.591e-05,  2.587e-04, -5.080e-03, -6.696e-07,  6.557e-06, -1.294e-03, -6.591e-05,  8.394e-05,  9.817e+02,  8.394e-05,  9.817e+02,  2.172e-09,  2.540e-02,  2.172e-09,  0.000e+00,
 9.880e+06, -8.372e+01,  1.621e+00, -5.782e+01, -3.091e+00, -7.077e+01, -1.571e+00,  4.987e+00,  2.530e-01, -3.294e-05,  3.239e-04, -3.303e-06,  6.511e-05,  2.566e-04, -5.059e-03, -6.588e-07,  6.477e-06, -1.284e-03, -6.511e-05,  8.259e-05,  9.857e+02,  8.259e-05,  9.857e+02,  2.119e-09,  2.530e-02,  2.119e-09,  2.585e-26,
 9.920e+06, -8.382e+01,  1.621e+00, -5.789e+01, -3.091e+00, -7.086e+01, -1.571e+00,  4.987e+00,  2.519e-01, -3.241e-05,  3.200e-04, -3.249e-06,  6.432e-05,  2.546e-04, -5.039e-03, -6.482e-07,  6.399e-06, -1.273e-03, -6.432e-05,  8.126e-05,  9.897e+02,  8.126e-05,  9.897e+02,  2.068e-09,  2.519e-02,  2.068e-09, -2.585e-26,
 9.960e+06, -8.393e+01,  1.621e+00, -5.796e+01, -3.091e+00, -7.094e+01, -1.571e+00,  4.987e+00,  2.509e-01, -3.189e-05,  3.161e-04, -3.197e-06,  6.354e-05,  2.525e-04, -5.019e-03, -6.378e-07,  6.322e-06, -1.263e-03, -6.354e-05,  7.995e-05,  9.938e+02,  7.995e-05,  9.938e+02,  2.019e-09,  2.509e-02,  2.019e-09,  0.000e+00,
 1.000e+07, -8.403e+01,  1.621e+00, -5.803e+01, -3.092e+00, -7.103e+01, -1.571e+00,  4.987e+00,  2.499e-01, -3.138e-05,  3.123e-04, -3.146e-06,  6.278e-05,  2.505e-04, -4.999e-03, -6.276e-07,  6.247e-06, -1.253e-03, -6.278e-05,  7.868e-05,  9.978e+02,  7.868e-05,  9.978e+02,  1.971e-09,  2.499e-02,  1.971e-09,  2.585e-26,
