      Freq,       |Av|,       /_Av,       |Ai|,       /_Ai,      |Pin|,      /_Pin,     |Pout|,     /_Pout,    Re(Zin),    Im(Zin),   Re(Zout),   Im(Zout),    Re(Vin),    Im(Vin),   Re(Vout),   Im(Vout),    Re(Iin),    Im(Iin),   Re(Iout),   Im(Iout)
        Hz,         dB,       Rads,         dB,       Rads,        dBW,       Rads,        dBW,       Rads,       Ohms,       Ohms,       Ohms,       Ohms,          V,          V,          V,          V,          A,          A,          A,          A
 1.000e+01,  1.467e-07, -1.988e-03, -1.468e-07, -1.985e-03, -1.704e+01,  2.863e-06, -1.704e+01,  3.426e-19,  3.160e+02,  9.048e-04,  3.160e+02,  9.048e-04,  2.500e+00,  3.579e-06,  2.500e+00, -4.967e-03,  7.911e-03, -1.133e-08,  7.911e-03, -1.572e-05,
 6.721e+03,  6.866e-03, -1.342e+00, -7.595e-03, -1.329e+00, -1.704e+01,  1.296e-02, -1.704e+01,  8.771e-17,  3.154e+02,  4.087e+00,  3.174e+02, -3.904e+00,  2.498e+00,  1.619e-02,  5.828e-01, -2.431e+00,  7.918e-03, -5.125e-05,  1.844e-03, -7.693e-03,
 1.343e+04, -4.833e-02, -2.671e+00,  4.822e-02, -2.667e+00, -1.704e+01,  4.946e-03, -1.704e+01,  8.771e-17,  3.195e+02,  1.580e+00,  3.127e+02, -1.912e+00,  2.514e+00,  6.182e-03, -2.226e+00, -1.138e+00,  7.867e-03, -1.956e-05, -7.044e-03, -3.601e-03,
 2.014e+04,  8.108e-02,  2.268e+00, -8.353e-02,  2.292e+00, -1.704e+01,  2.375e-02, -1.704e+01,  0.000e+00,  3.100e+02,  7.363e+00,  3.225e+02, -7.201e+00,  2.476e+00,  2.968e-02, -1.629e+00,  1.896e+00,  7.986e-03, -9.394e-05, -5.154e-03,  6.001e-03,
 2.686e+04, -1.166e-01,  9.298e-01,  1.114e-01,  9.642e-01, -1.704e+01,  3.446e-02, -1.704e+01, -8.775e-17,  3.242e+02,  1.118e+01,  3.082e+02, -1.105e+01,  2.533e+00,  4.307e-02,  1.460e+00,  2.028e+00,  7.808e-03, -1.363e-04,  4.622e-03,  6.419e-03,
 3.357e+04,  1.003e-01, -3.928e-01, -1.007e-01, -3.827e-01, -1.704e+01,  1.004e-02, -1.704e+01,  0.000e+00,  3.088e+02,  3.099e+00,  3.235e+02, -2.921e+00,  2.471e+00,  1.254e-02,  2.314e+00, -9.450e-01,  8.003e-03, -3.970e-05,  7.324e-03, -2.991e-03,
 4.028e+04, -7.092e-02, -1.760e+00,  4.449e-02, -1.683e+00, -1.703e+01,  7.797e-02, -1.704e+01,  0.000e+00,  3.193e+02,  2.494e+01,  3.117e+02, -2.449e+01,  2.517e+00,  9.751e-02, -3.757e-01, -2.470e+00,  7.859e-03, -3.086e-04, -1.189e-03, -7.815e-03,
 4.699e+04, -3.437e-02, -3.057e+00,  3.437e-02, -3.056e+00, -1.704e+01,  5.520e-04, -1.704e+01, -1.096e-17,  3.185e+02,  1.758e-01,  3.135e+02, -2.496e-01,  2.510e+00,  6.900e-04, -2.491e+00, -2.124e-01,  7.880e-03, -2.184e-06, -7.883e-03, -6.722e-04,
 5.370e+04,  1.122e-01,  1.842e+00, -1.528e-01,  1.938e+00, -1.703e+01,  9.651e-02, -1.705e+01,  4.397e-17,  3.051e+02,  2.953e+01,  3.251e+02, -3.120e+01,  2.462e+00,  1.207e-01, -7.858e-01,  2.370e+00,  8.032e-03, -3.820e-04, -2.487e-03,  7.500e-03,
 6.041e+04, -2.379e-01,  5.406e-01,  2.332e-01,  5.735e-01, -1.704e+01,  3.287e-02, -1.704e+01,  0.000e+00,  3.334e+02,  1.097e+01,  2.994e+02, -1.023e+01,  2.568e+00,  4.107e-02,  2.122e+00,  1.320e+00,  7.697e-03, -1.300e-04,  6.714e-03,  4.177e-03,
 6.712e+04,  2.765e-01, -8.161e-01, -2.960e-01, -7.492e-01, -1.704e+01,  6.694e-02, -1.705e+01, -1.758e-16,  2.952e+02,  1.979e+01,  3.373e+02, -2.212e+01,  2.418e+00,  8.361e-02,  1.773e+00, -1.759e+00,  8.172e-03, -2.646e-04,  5.610e-03, -5.566e-03,
 7.383e+04, -3.111e-01, -2.168e+00,  2.616e-01, -2.061e+00, -1.703e+01,  1.066e-01, -1.706e+01, -1.761e-16,  3.356e+02,  3.592e+01,  2.947e+02, -3.192e+01,  2.583e+00,  1.333e-01, -1.294e+00, -2.133e+00,  7.650e-03, -4.217e-04, -4.095e-03, -6.751e-03,
 8.055e+04,  2.030e-01,  2.820e+00, -2.041e-01,  2.835e+00, -1.704e+01,  1.569e-02, -1.704e+01,  4.388e-17,  3.015e+02,  4.732e+00,  3.312e+02, -4.918e+00,  2.441e+00,  1.961e-02, -2.377e+00,  7.718e-01,  8.097e-03, -6.205e-05, -7.522e-03,  2.442e-03,
 8.726e+04, -1.301e-01,  1.406e+00,  1.398e-03,  1.577e+00, -1.701e+01,  1.717e-01, -1.707e+01,  1.105e-17,  3.161e+02,  5.483e+01,  3.075e+02, -5.341e+01,  2.519e+00,  2.152e-01,  1.992e-01,  2.483e+00,  7.851e-03, -6.810e-04,  6.304e-04,  7.857e-03,
 9.397e+04, -1.217e-01,  1.502e-01,  1.216e-01,  1.542e-01, -1.704e+01,  4.074e-03, -1.704e+01, -2.193e-17,  3.250e+02,  1.324e+00,  3.073e+02, -1.385e+00,  2.535e+00,  5.092e-03,  2.471e+00,  3.789e-01,  7.801e-03, -1.611e-05,  7.819e-03,  1.199e-03,
 1.007e+05,  2.272e-01, -1.279e+00, -3.574e-01, -1.107e+00, -1.701e+01,  1.727e-01, -1.708e+01,  4.424e-17,  2.910e+02,  5.076e+01,  3.339e+02, -5.789e+01,  2.415e+00,  2.161e-01,  9.251e-01, -2.311e+00,  8.180e-03, -6.840e-04,  2.928e-03, -7.313e-03,
 1.074e+05, -4.495e-01, -2.560e+00,  4.279e-01, -2.489e+00, -1.704e+01,  7.057e-02, -1.705e+01,  0.000e+00,  3.487e+02,  2.465e+01,  2.852e+02, -2.055e+01,  2.626e+00,  8.803e-02, -2.038e+00, -1.440e+00,  7.512e-03, -2.786e-04, -6.448e-03, -4.558e-03,
 1.141e+05,  4.632e-01,  2.355e+00, -5.087e-01,  2.458e+00, -1.704e+01,  1.023e-01, -1.706e+01,  0.000e+00,  2.811e+02,  2.884e+01,  3.521e+02, -3.562e+01,  2.360e+00,  1.275e-01, -1.854e+00,  1.666e+00,  8.355e-03, -4.036e-04, -5.867e-03,  5.274e-03,
 1.208e+05, -5.133e-01,  9.853e-01,  3.644e-01,  1.170e+00, -1.701e+01,  1.847e-01, -1.709e+01, -1.774e-16,  3.437e+02,  6.419e+01,  2.813e+02, -5.289e+01,  2.627e+00,  2.309e-01,  1.187e+00,  2.184e+00,  7.509e-03, -7.307e-04,  3.757e-03,  6.912e-03,
 1.275e+05,  2.873e-01, -2.858e-01, -2.889e-01, -2.666e-01, -1.704e+01,  1.920e-02, -1.704e+01,  0.000e+00,  2.957e+02,  5.679e+00,  3.377e+02, -6.230e+00,  2.417e+00,  2.398e-02,  2.404e+00, -6.807e-01,  8.174e-03, -7.588e-05,  7.608e-03, -2.154e-03,
 1.342e+05, -2.138e-01, -1.750e+00, -9.363e-02, -1.485e+00, -1.696e+01,  2.645e-01, -1.712e+01,  2.790e-17,  3.093e+02,  8.376e+01,  3.017e+02, -8.175e+01,  2.518e+00,  3.326e-01, -1.176e-01, -2.475e+00,  7.856e-03, -1.052e-03, -3.722e-04, -7.832e-03,
 1.409e+05, -2.129e-01, -2.967e+00,  2.126e-01, -2.959e+00, -1.704e+01,  8.580e-03, -1.704e+01, -2.194e-17,  3.319e+02,  2.847e+00,  3.009e+02, -2.733e+00,  2.561e+00,  1.072e-02, -2.460e+00, -4.437e-01,  7.718e-03, -3.392e-05, -7.783e-03, -1.404e-03,
 1.477e+05,  3.051e-01,  1.836e+00, -5.785e-01,  2.085e+00, -1.698e+01,  2.495e-01, -1.712e+01,  4.467e-17,  2.766e+02,  7.049e+01,  3.399e+02, -8.628e+01,  2.371e+00,  3.127e-01, -9.560e-01,  2.285e+00,  8.320e-03, -9.897e-04, -3.025e-03,  7.231e-03,
 1.544e+05, -6.590e-01,  5.789e-01,  6.105e-01,  6.845e-01, -1.705e+01,  1.056e-01, -1.707e+01,  8.843e-17,  3.637e+02,  3.855e+01,  2.717e+02, -2.918e+01,  2.683e+00,  1.314e-01,  2.015e+00,  1.463e+00,  7.333e-03, -4.159e-04,  6.377e-03,  4.628e-03,
 1.611e+05,  6.405e-01, -8.127e-01, -7.323e-01, -6.676e-01, -1.704e+01,  1.451e-01, -1.709e+01,  0.000e+00,  2.670e+02,  3.902e+01,  3.668e+02, -5.307e+01,  2.302e+00,  1.806e-01,  1.845e+00, -1.666e+00,  8.539e-03, -5.715e-04,  5.838e-03, -5.271e-03,
 1.678e+05, -7.503e-01, -2.192e+00,  4.643e-01, -1.937e+00, -1.699e+01,  2.552e-01, -1.713e+01,  0.000e+00,  3.517e+02,  9.175e+01,  2.664e+02, -6.983e+01,  2.677e+00,  3.192e-01, -1.192e+00, -2.167e+00,  7.350e-03, -1.010e-03, -3.772e-03, -6.858e-03,
 1.745e+05,  4.172e-01,  2.830e+00, -4.211e-01,  2.860e+00, -1.705e+01,  2.987e-02, -1.705e+01,  0.000e+00,  2.868e+02,  8.568e+00,  3.480e+02, -1.012e+01,  2.379e+00,  3.725e-02, -2.389e+00,  7.270e-01,  8.293e-03, -1.179e-04, -7.559e-03,  2.301e-03,
 1.812e+05, -3.963e-01,  1.322e+00, -1.607e-01,  1.676e+00, -1.690e+01,  3.543e-01, -1.718e+01, -6.797e-17,  3.045e+02,  1.126e+02,  2.892e+02, -1.071e+02,  2.535e+00,  4.475e-01,  1.819e-01,  2.453e+00,  7.801e-03, -1.416e-03,  5.756e-04,  7.762e-03,
 1.879e+05, -2.267e-01,  1.380e-01,  2.265e-01,  1.452e-01, -1.704e+01,  7.231e-03, -1.704e+01,  2.194e-17,  3.329e+02,  2.407e+00,  2.999e+02, -2.290e+00,  2.565e+00,  9.033e-03,  2.474e+00,  3.525e-01,  7.705e-03, -2.858e-05,  7.830e-03,  1.115e-03,
 1.946e+05,  2.579e-01, -1.406e+00, -7.722e-01, -1.065e+00, -1.693e+01,  3.407e-01, -1.718e+01, -4.536e-17,  2.645e+02,  9.379e+01,  3.363e+02, -1.189e+02,  2.348e+00,  4.285e-01,  8.325e-01, -2.313e+00,  8.394e-03, -1.356e-03,  2.635e-03, -7.320e-03,
 2.014e+05, -8.218e-01, -2.623e+00,  7.619e-01, -2.506e+00, -1.706e+01,  1.173e-01, -1.709e+01,  8.875e-17,  3.766e+02,  4.436e+01,  2.617e+02, -3.118e+01,  2.728e+00,  1.455e-01, -2.090e+00, -1.344e+00,  7.190e-03, -4.605e-04, -6.615e-03, -4.255e-03,
 2.081e+05,  7.805e-01,  2.210e+00, -9.909e-01,  2.430e+00, -1.703e+01,  2.192e-01, -1.714e+01,  8.972e-17,  2.515e+02,  5.604e+01,  3.789e+02, -8.387e+01,  2.243e+00,  2.723e-01, -1.703e+00,  1.791e+00,  8.725e-03, -8.616e-04, -5.390e-03,  5.668e-03,
 2.148e+05, -1.035e+00,  8.544e-01,  6.439e-01,  1.152e+00, -1.698e+01,  2.978e-01, -1.718e+01, -9.059e-17,  3.665e+02,  1.125e+02,  2.494e+02, -7.688e+01,  2.746e+00,  3.714e-01,  1.352e+00,  2.055e+00,  7.132e-03, -1.175e-03,  4.279e-03,  6.503e-03,
 2.215e+05,  6.711e-01, -4.325e-01, -6.904e-01, -3.660e-01, -1.706e+01,  6.658e-02, -1.707e+01,  4.417e-17,  2.696e+02,  1.797e+01,  3.690e+02, -2.422e+01,  2.304e+00,  8.274e-02,  2.298e+00, -9.623e-01,  8.531e-03, -2.618e-04,  7.271e-03, -3.045e-03,
 2.282e+05, -7.569e-01, -1.959e+00, -8.168e-02, -1.527e+00, -1.684e+01,  4.324e-01, -1.726e+01,  0.000e+00,  3.101e+02,  1.431e+02,  2.661e+02, -1.230e+02,  2.602e+00,  5.482e-01, -4.373e-01, -2.397e+00,  7.589e-03, -1.735e-03, -1.384e-03, -7.587e-03,
 2.349e+05, -3.213e-02, -3.126e+00,  3.213e-02, -3.126e+00, -1.704e+01,  9.446e-05, -1.704e+01,  2.741e-18,  3.183e+02,  3.007e-02,  3.137e+02, -4.396e-02,  2.509e+00,  1.181e-04, -2.500e+00, -3.963e-02,  7.882e-03, -3.737e-07, -7.910e-03, -1.254e-04,
 2.416e+05, -6.783e-02,  1.541e+00, -8.558e-01,  1.995e+00, -1.682e+01,  4.530e-01, -1.728e+01, -6.962e-17,  2.595e+02,  1.263e+02,  3.120e+02, -1.517e+02,  2.381e+00,  5.750e-01, -5.010e-01,  2.378e+00,  8.289e-03, -1.819e-03, -1.585e-03,  7.525e-03,
 2.483e+05, -8.165e-01,  3.838e-01,  7.868e-01,  4.664e-01, -1.707e+01,  8.263e-02, -1.708e+01, -4.430e-17,  3.788e+02,  3.137e+01,  2.619e+02, -2.198e+01,  2.730e+00,  1.025e-01,  2.270e+00,  1.017e+00,  7.182e-03, -3.243e-04,  7.183e-03,  3.219e-03,
 2.550e+05,  7.091e-01, -1.179e+00, -1.260e+00, -8.268e-01, -1.696e+01,  3.526e-01, -1.724e+01, -9.179e-17,  2.364e+02,  8.698e+01,  3.730e+02, -1.367e+02,  2.209e+00,  4.395e-01,  1.355e+00, -2.034e+00,  8.832e-03, -1.391e-03,  4.289e-03, -6.435e-03,
 2.618e+05, -1.284e+00, -2.450e+00,  9.487e-01, -2.174e+00, -1.703e+01,  2.759e-01, -1.720e+01,  0.000e+00,  3.931e+02,  1.113e+02,  2.354e+02, -6.700e+01,  2.826e+00,  3.413e-01, -1.690e+00, -1.781e+00,  6.881e-03, -1.080e-03, -5.347e-03, -5.637e-03,
 2.685e+05,  1.012e+00,  2.438e+00, -1.146e+00,  2.613e+00, -1.707e+01,  1.756e-01, -1.714e+01,  0.000e+00,  2.427e+02,  4.305e+01,  3.994e+02, -7.029e+01,  2.189e+00,  2.166e-01, -2.032e+00,  1.406e+00,  8.897e-03, -6.855e-04, -6.431e-03,  4.448e-03,
 2.752e+05, -1.280e+00,  9.723e-01,  3.116e-01,  1.436e+00, -1.684e+01,  4.635e-01, -1.733e+01, -4.685e-17,  3.395e+02,  1.697e+02,  2.358e+02, -1.181e+02,  2.741e+00,  5.848e-01,  9.158e-01,  2.239e+00,  7.149e-03, -1.851e-03,  2.898e-03,  7.084e-03,
 2.819e+05,  5.336e-01, -2.432e-01, -5.373e-01, -2.142e-01, -1.705e+01,  2.900e-02, -1.706e+01,  0.000e+00,  2.792e+02,  8.099e+00,  3.574e+02, -1.014e+01,  2.346e+00,  3.611e-02,  2.431e+00, -5.635e-01,  8.399e-03, -1.143e-04,  7.692e-03, -1.783e-03,
 2.886e+05, -8.047e-01, -1.884e+00, -6.226e-01, -1.326e+00, -1.670e+01,  5.577e-01, -1.741e+01, -5.972e-18,  2.738e+02,  1.708e+02,  2.632e+02, -1.642e+02,  2.528e+00,  7.157e-01, -8.879e-02, -2.394e+00,  7.822e-03, -2.265e-03, -2.810e-04, -7.575e-03,
 2.953e+05, -3.650e-01, -3.002e+00,  3.644e-01, -2.990e+00, -1.705e+01,  1.207e-02, -1.705e+01,  0.000e+00,  3.437e+02,  4.147e+00,  2.905e+02, -3.626e+00,  2.605e+00,  1.506e-02, -2.472e+00, -3.609e-01,  7.579e-03, -4.764e-05, -7.821e-03, -1.142e-03,
 3.020e+05,  1.665e-02,  1.580e+00, -1.342e+00,  2.118e+00, -1.675e+01,  5.385e-01, -1.741e+01,  0.000e+00,  2.320e+02,  1.386e+02,  3.181e+02, -1.897e+02,  2.290e+00,  6.853e-01, -7.068e-01,  2.288e+00,  8.576e-03, -2.169e-03, -2.237e-03,  7.242e-03,
 3.087e+05, -1.176e+00,  4.419e-01,  1.084e+00,  5.871e-01, -1.709e+01,  1.452e-01, -1.713e+01,  1.794e-16,  4.056e+02,  5.932e+01,  2.412e+02, -3.557e+01,  2.825e+00,  1.788e-01,  2.164e+00,  1.196e+00,  6.882e-03, -5.658e-04,  6.847e-03,  3.786e-03,
 3.154e+05,  8.616e-01, -1.180e+00, -1.628e+00, -7.658e-01, -1.694e+01,  4.140e-01, -1.733e+01,  9.374e-17,  2.172e+02,  9.544e+01,  3.863e+02, -1.692e+02,  2.129e+00,  5.139e-01,  1.421e+00, -1.957e+00,  9.086e-03, -1.626e-03,  4.496e-03, -6.193e-03,
 3.222e+05, -1.642e+00, -2.450e+00,  1.060e+00, -2.088e+00, -1.700e+01,  3.621e-01, -1.729e+01, -9.303e-17,  4.033e+02,  1.528e+02,  2.168e+02, -8.243e+01,  2.898e+00,  4.463e-01, -1.612e+00, -1.815e+00,  6.651e-03, -1.412e-03, -5.101e-03, -5.743e-03,
 3.289e+05,  1.222e+00,  2.394e+00, -1.442e+00,  2.619e+00, -1.709e+01,  2.244e-01, -1.720e+01, -1.819e-16,  2.267e+02,  5.174e+01,  4.192e+02, -9.509e+01,  2.115e+00,  2.751e-01, -2.001e+00,  1.422e+00,  9.130e-03, -8.705e-04, -6.331e-03,  4.501e-03,
 3.356e+05, -1.693e+00,  9.151e-01,  2.917e-01,  1.468e+00, -1.676e+01,  5.530e-01, -1.746e+01, -9.674e-17,  3.379e+02,  2.086e+02,  2.144e+02, -1.326e+02,  2.807e+00,  6.995e-01,  9.520e-01,  2.182e+00,  6.940e-03, -2.214e-03,  3.013e-03,  6.904e-03,
 3.423e+05,  8.168e-01, -3.276e-01, -8.317e-01, -2.690e-01, -1.707e+01,  5.861e-02, -1.708e+01, -4.429e-17,  2.609e+02,  1.531e+01,  3.815e+02, -2.208e+01,  2.263e+00,  7.262e-02,  2.380e+00, -7.246e-01,  8.661e-03, -2.298e-04,  7.531e-03, -2.293e-03,
 3.490e+05, -1.348e+00, -2.008e+00, -6.956e-01, -1.348e+00, -1.656e+01,  6.594e-01, -1.759e+01,  4.975e-17,  2.692e+02,  2.087e+02,  2.322e+02, -1.801e+02,  2.605e+00,  8.541e-01, -2.811e-01, -2.330e+00,  7.580e-03, -2.703e-03, -8.895e-04, -7.374e-03,
 3.557e+05, -6.345e-02, -3.121e+00,  6.345e-02, -3.121e+00, -1.704e+01,  2.723e-04, -1.704e+01,  0.000e+00,  3.207e+02,  8.732e-02,  3.114e+02, -1.034e-01,  2.518e+00,  3.404e-04, -2.499e+00, -5.169e-02,  7.854e-03, -1.077e-06, -7.909e-03, -1.636e-04,
 3.624e+05, -6.755e-01,  1.367e+00, -1.498e+00,  2.045e+00, -1.654e+01,  6.783e-01, -1.763e+01, -2.511e-17,  2.238e+02,  1.804e+02,  2.712e+02, -2.184e+02,  2.367e+00,  8.798e-01, -3.538e-01,  2.309e+00,  8.332e-03, -2.784e-03, -1.119e-03,  7.308e-03,
 3.691e+05, -9.749e-01,  2.902e-01,  9.508e-01,  3.647e-01, -1.709e+01,  7.448e-02, -1.710e+01, -4.446e-17,  3.933e+02,  2.935e+01,  2.525e+02, -1.907e+01,  2.776e+00,  9.201e-02,  2.354e+00,  7.889e-01,  7.037e-03, -2.912e-04,  7.450e-03,  2.497e-03,
 3.758e+05,  1.854e-01, -1.510e+00, -1.968e+00, -8.912e-01, -1.669e+01,  6.191e-01, -1.758e+01,  4.968e-17,  2.008e+02,  1.431e+02,  3.307e+02, -2.353e+02,  2.161e+00,  7.862e-01,  9.351e-01, -2.155e+00,  8.985e-03, -2.488e-03,  2.959e-03, -6.818e-03,
 3.826e+05, -1.677e+00, -2.640e+00,  1.399e+00, -2.389e+00, -1.711e+01,  2.516e-01, -1.725e+01,  0.000e+00,  4.361e+02,  1.121e+02,  2.149e+02, -5.555e+01,  2.945e+00,  3.063e-01, -2.008e+00, -1.388e+00,  6.503e-03, -9.694e-04, -6.354e-03, -4.392e-03,
 3.893e+05,  9.933e-01,  1.937e+00, -2.092e+00,  2.429e+00, -1.692e+01,  4.924e-01, -1.747e+01, -9.679e-17,  1.952e+02,  1.047e+02,  3.982e+02, -2.130e+02,  2.034e+00,  6.077e-01, -1.452e+00,  1.885e+00,  9.387e-03, -1.923e-03, -4.595e-03,  5.966e-03,
 3.960e+05, -2.103e+00,  6.735e-01,  1.150e+00,  1.133e+00, -1.697e+01,  4.599e-01, -1.744e+01, -9.627e-17,  4.118e+02,  2.040e+02,  1.949e+02, -9.686e+01,  2.987e+00,  5.641e-01,  1.557e+00,  1.809e+00,  6.369e-03, -1.785e-03,  4.926e-03,  5.724e-03,
 4.027e+05,  1.441e+00, -8.692e-01, -1.903e+00, -5.457e-01, -1.709e+01,  3.235e-01, -1.732e+01,  9.358e-17,  2.039e+02,  6.835e+01,  4.410e+02, -1.472e+02,  2.012e+00,  3.928e-01,  1.887e+00, -1.515e+00,  9.454e-03, -1.243e-03,  5.973e-03, -4.795e-03,
 4.094e+05, -2.263e+00, -2.320e+00,  3.969e-01, -1.688e+00, -1.671e+01,  6.323e-01, -1.764e+01,  5.039e-17,  3.462e+02,  2.537e+02,  1.880e+02, -1.380e+02,  2.919e+00,  7.970e-01, -1.083e+00, -2.066e+00,  6.584e-03, -2.522e-03, -3.426e-03, -6.537e-03,
 4.161e+05,  1.348e+00,  2.602e+00, -1.458e+00,  2.761e+00, -1.712e+01,  1.592e-01, -1.718e+01,  4.530e-17,  2.259e+02,  3.626e+01,  4.313e+02, -6.875e+01,  2.097e+00,  1.943e-01, -2.217e+00,  1.064e+00,  9.186e-03, -6.147e-04, -7.017e-03,  3.369e-03,
 4.228e+05, -2.197e+00,  9.544e-01, -4.917e-01,  1.701e+00, -1.647e+01,  7.469e-01, -1.781e+01,  5.238e-17,  2.822e+02,  2.612e+02,  1.909e+02, -1.769e+02,  2.782e+00,  9.688e-01,  6.349e-01,  2.198e+00,  7.020e-03, -3.066e-03,  2.009e-03,  6.954e-03,
 4.295e+05,  8.225e-01, -2.556e-01, -8.315e-01, -2.102e-01, -1.708e+01,  4.537e-02, -1.708e+01, -4.428e-17,  2.609e+02,  1.185e+01,  3.820e+02, -1.709e+01,  2.263e+00,  5.621e-02,  2.422e+00, -5.691e-01,  8.663e-03, -1.779e-04,  7.665e-03, -1.801e-03,
 4.362e+05, -1.954e+00, -2.064e+00, -1.285e+00, -1.253e+00, -1.631e+01,  8.111e-01, -1.793e+01,  6.733e-17,  2.350e+02,  2.475e+02,  2.019e+02, -2.127e+02,  2.614e+00,  1.072e+00, -2.348e-01, -2.244e+00,  7.551e-03, -3.391e-03, -7.432e-04, -7.100e-03,
 4.430e+05,  1.155e-01,  3.111e+00, -1.155e-01,  3.112e+00, -1.704e+01,  8.486e-04, -1.704e+01,  5.483e-18,  3.077e+02,  2.611e-01,  3.245e+02, -2.471e-01,  2.467e+00,  1.061e-03, -2.499e+00,  7.559e-02,  8.017e-03, -3.356e-06, -7.907e-03,  2.392e-04,
 4.497e+05, -1.593e+00,  1.193e+00, -1.906e+00,  2.032e+00, -1.625e+01,  8.387e-01, -1.800e+01,  4.791e-17,  2.037e+02,  2.267e+02,  2.195e+02, -2.442e+02,  2.446e+00,  1.114e+00, -1.119e-01,  2.235e+00,  8.082e-03, -3.526e-03, -3.540e-04,  7.071e-03,
 4.564e+05, -5.817e-01,  1.401e-01,  5.800e-01,  1.601e-01, -1.706e+01,  1.998e-02, -1.706e+01, -4.405e-17,  3.611e+02,  7.218e+00,  2.764e+02, -5.642e+00,  2.667e+00,  2.487e-02,  2.466e+00,  3.714e-01,  7.383e-03, -7.870e-05,  7.805e-03,  1.175e-03,
 4.631e+05, -1.172e+00, -1.839e+00, -2.355e+00, -9.977e-01, -1.627e+01,  8.415e-01, -1.803e+01,  8.271e-17,  1.838e+02,  2.056e+02,  2.419e+02, -2.706e+02,  2.296e+00,  1.112e+00,  4.052e-01, -2.192e+00,  8.556e-03, -3.521e-03,  1.282e-03, -6.938e-03,
 4.698e+05, -1.181e+00, -2.874e+00,  1.150e+00, -2.789e+00, -1.711e+01,  8.503e-02, -1.712e+01,  4.473e-17,  4.118e+02,  3.510e+01,  2.408e+02, -2.073e+01,  2.834e+00,  1.045e-01, -2.361e+00, -7.425e-01,  6.854e-03, -3.306e-04, -7.473e-03, -2.350e-03,
 4.765e+05, -7.471e-01,  1.402e+00, -2.661e+00,  2.231e+00, -1.633e+01,  8.292e-01, -1.804e+01, -5.518e-17,  1.712e+02,  1.869e+02,  2.668e+02, -2.910e+02,  2.173e+00,  1.085e+00, -6.461e-01,  2.133e+00,  8.945e-03, -3.432e-03, -2.045e-03,  6.750e-03,
 4.832e+05, -1.661e+00,  3.617e-01,  1.529e+00,  5.354e-01, -1.715e+01,  1.737e-01, -1.722e+01, -1.371e-16,  4.493e+02,  7.883e+01,  2.157e+02, -3.808e+01,  2.957e+00,  2.104e-01,  2.223e+00,  1.027e+00,  6.464e-03, -6.658e-04,  7.035e-03,  3.250e-03,
 4.899e+05, -3.714e-01, -1.654e+00, -2.865e+00, -8.432e-01, -1.641e+01,  8.108e-01, -1.803e+01,  5.508e-17,  1.634e+02,  1.719e+02,  2.909e+02, -3.057e+02,  2.079e+00,  1.047e+00,  8.344e-01, -2.069e+00,  9.242e-03, -3.314e-03,  2.640e-03, -6.547e-03,
 4.966e+05, -2.027e+00, -2.713e+00,  1.720e+00, -2.449e+00, -1.717e+01,  2.643e-01, -1.732e+01,  9.358e-17,  4.695e+02,  1.271e+02,  1.983e+02, -5.391e+01,  3.040e+00,  3.170e-01, -2.085e+00, -1.229e+00,  6.203e-03, -1.003e-03, -6.599e-03, -3.888e-03,
 5.034e+05, -8.552e-02,  1.553e+00, -3.007e+00,  2.347e+00, -1.648e+01,  7.948e-01, -1.802e+01, -5.502e-17,  1.581e+02,  1.611e+02,  3.107e+02, -3.162e+02,  2.012e+00,  1.015e+00, -9.691e-01,  2.011e+00,  9.454e-03, -3.213e-03, -3.067e-03,  6.363e-03,
 5.101e+05, -2.295e+00,  4.720e-01,  1.781e+00,  8.124e-01, -1.716e+01,  3.404e-01, -1.741e+01, -9.559e-17,  4.763e+02,  1.687e+02,  1.864e+02, -6.629e+01,  3.092e+00,  4.062e-01,  1.973e+00,  1.357e+00,  6.037e-03, -1.285e-03,  6.243e-03,  4.295e-03,
 5.168e+05,  8.039e-02, -1.551e+00, -3.121e+00, -7.623e-01, -1.652e+01,  7.888e-01, -1.804e+01,  0.000e+00,  1.540e+02,  1.551e+02,  3.228e+02, -3.246e+02,  1.969e+00,  1.000e+00,  1.048e+00, -1.967e+00,  9.593e-03, -3.165e-03,  3.318e-03, -6.224e-03,
 5.235e+05, -2.476e+00, -2.647e+00,  1.792e+00, -2.255e+00, -1.714e+01,  3.918e-01, -1.748e+01,  0.000e+00,  4.774e+02,  1.973e+02,  1.788e+02, -7.415e+01,  3.124e+00,  4.663e-01, -1.901e+00, -1.424e+00,  5.935e-03, -1.476e-03, -6.017e-03, -4.506e-03,
 5.302e+05,  1.020e-01,  1.595e+00, -3.233e+00,  2.394e+00, -1.651e+01,  7.991e-01, -1.808e+01,  0.000e+00,  1.501e+02,  1.543e+02,  3.244e+02, -3.329e+02,  1.945e+00,  1.011e+00, -1.070e+00,  1.943e+00,  9.668e-03, -3.200e-03, -3.386e-03,  6.148e-03,
 5.369e+05, -2.574e+00,  4.972e-01,  1.814e+00,  9.096e-01, -1.714e+01,  4.125e-01, -1.752e+01,  1.959e-16,  4.798e+02,  2.099e+02,  1.748e+02, -7.676e+01,  3.144e+00,  4.897e-01,  1.881e+00,  1.435e+00,  5.874e-03, -1.550e-03,  5.952e-03,  4.541e-03,
 5.436e+05, -4.584e-02, -1.579e+00, -3.358e+00, -7.504e-01, -1.646e+01,  8.288e-01, -1.816e+01,  5.676e-17,  1.458e+02,  1.591e+02,  3.136e+02, -3.416e+02,  1.942e+00,  1.053e+00,  1.032e+00, -1.940e+00,  9.678e-03, -3.333e-03,  3.264e-03, -6.140e-03,
 5.503e+05, -2.576e+00, -2.662e+00,  1.872e+00, -2.265e+00, -1.716e+01,  3.971e-01, -1.751e+01,  0.000e+00,  4.863e+02,  2.040e+02,  1.747e+02, -7.355e+01,  3.150e+00,  4.703e-01, -1.917e+00, -1.390e+00,  5.854e-03, -1.488e-03, -6.066e-03, -4.399e-03,
 5.571e+05, -3.897e-01,  1.494e+00, -3.496e+00,  2.371e+00, -1.634e+01,  8.771e-01, -1.828e+01,  0.000e+00,  1.413e+02,  1.699e+02,  2.897e+02, -3.480e+02,  1.964e+00,  1.128e+00, -9.318e-01,  1.955e+00,  9.607e-03, -3.570e-03, -2.949e-03,  6.187e-03,
 5.638e+05, -2.448e+00,  4.390e-01,  1.934e+00,  7.795e-01, -1.719e+01,  3.405e-01, -1.745e+01, -9.643e-17,  4.933e+02,  1.748e+02,  1.799e+02, -6.401e+01,  3.135e+00,  4.029e-01,  2.011e+00,  1.280e+00,  5.903e-03, -1.275e-03,  6.365e-03,  4.051e-03,
 5.705e+05, -9.449e-01, -1.746e+00, -3.624e+00, -8.072e-01, -1.617e+01,  9.385e-01, -1.846e+01,  1.216e-16,  1.372e+02,  1.873e+02,  2.549e+02, -3.476e+02,  2.022e+00,  1.231e+00,  7.712e-01, -1.978e+00,  9.424e-03, -3.894e-03,  2.440e-03, -6.260e-03,
 5.772e+05, -2.132e+00, -2.770e+00,  1.876e+00, -2.529e+00, -1.721e+01,  2.412e-01, -1.733e+01, -9.391e-17,  4.868e+02,  1.197e+02,  1.935e+02, -4.784e+01,  3.075e+00,  2.872e-01, -2.160e+00, -1.083e+00,  6.093e-03, -9.088e-04, -6.835e-03, -3.426e-03,
 5.839e+05, -1.692e+00,  1.277e+00, -3.695e+00,  2.280e+00, -1.597e+01,  1.003e+00, -1.867e+01, -1.595e-16,  1.350e+02,  2.115e+02,  2.146e+02, -3.362e+02,  2.128e+00,  1.347e+00, -5.540e-01,  1.998e+00,  9.088e-03, -4.263e-03, -1.753e-03,  6.321e-03,
 5.906e+05, -1.536e+00,  2.664e-01,  1.479e+00,  3.812e-01, -1.715e+01,  1.147e-01, -1.718e+01,  0.000e+00,  4.442e+02,  5.120e+01,  2.219e+02, -2.577e+01,  2.931e+00,  1.393e-01,  2.338e+00,  7.592e-01,  6.547e-03, -4.409e-04,  7.400e-03,  2.403e-03,
 5.973e+05, -2.556e+00, -1.993e+00, -3.629e+00, -9.355e-01, -1.578e+01,  1.058e+00, -1.888e+01,  1.507e-16,  1.370e+02,  2.434e+02,  1.758e+02, -3.122e+02,  2.293e+00,  1.454e+00,  2.870e-01, -2.003e+00,  8.565e-03, -4.601e-03,  9.081e-04, -6.338e-03,
 6.040e+05, -5.510e-01, -3.042e+00,  5.502e-01, -3.028e+00, -1.706e+01,  1.341e-02, -1.706e+01,  0.000e+00,  3.587e+02,  4.810e+00,  2.784e+02, -3.818e+00,  2.658e+00,  1.670e-02, -2.481e+00, -2.647e-01,  7.411e-03, -5.283e-05, -7.851e-03, -8.376e-04,
 6.107e+05, -3.409e+00,  1.016e+00, -3.300e+00,  2.107e+00, -1.568e+01,  1.091e+00, -1.903e+01, -1.822e-16,  1.478e+02,  2.838e+02,  1.445e+02, -2.774e+02,  2.521e+00,  1.517e+00,  2.577e-02,  1.987e+00,  7.843e-03, -4.799e-03,  8.154e-05,  6.289e-03,
 6.175e+05,  8.491e-01, -1.800e-01, -8.536e-01, -1.475e-01, -1.708e+01,  3.252e-02, -1.708e+01, -2.214e-17,  2.596e+02,  8.446e+00,  3.843e+02, -1.232e+01,  2.256e+00,  4.027e-02,  2.455e+00, -4.017e-01,  8.685e-03, -1.274e-04,  7.769e-03, -1.271e-03,
 6.242e+05, -4.075e+00, -2.258e+00, -2.524e+00, -1.174e+00, -1.574e+01,  1.084e+00, -1.904e+01,  1.043e-16,  1.767e+02,  3.339e+02,  1.239e+02, -2.342e+02,  2.802e+00,  1.489e+00, -3.927e-01, -1.946e+00,  6.955e-03, -4.713e-03, -1.243e-03, -6.158e-03,
 6.309e+05,  2.058e+00,  2.481e+00, -2.418e+00,  2.767e+00, -1.724e+01,  2.859e-01, -1.742e+01, -4.788e-17,  1.811e+02,  5.322e+01,  5.081e+02, -1.487e+02,  1.857e+00,  3.365e-01, -2.121e+00,  1.107e+00,  9.945e-03, -1.065e-03, -6.711e-03,  3.505e-03,
 6.376e+05, -4.334e+00,  7.428e-01, -1.059e+00,  1.746e+00, -1.609e+01,  1.003e+00, -1.879e+01,  0.000e+00,  2.476e+02,  3.885e+02,  1.167e+02, -1.832e+02,  3.100e+00,  1.310e+00,  8.484e-01,  1.859e+00,  6.014e-03, -4.145e-03,  2.685e-03,  5.882e-03,
 6.443e+05,  1.266e+00, -1.291e+00, -3.769e+00, -5.674e-01, -1.687e+01,  7.233e-01, -1.812e+01,  0.000e+00,  1.327e+02,  1.171e+02,  4.241e+02, -3.737e+02,  1.703e+00,  8.607e-01,  1.502e+00, -1.618e+00,  1.043e-02, -2.724e-03,  4.752e-03, -5.121e-03,
 6.510e+05, -3.887e+00, -2.565e+00,  1.138e+00, -1.810e+00, -1.682e+01,  7.543e-01, -1.819e+01,  5.719e-17,  4.107e+02,  3.859e+02,  1.292e+02, -1.217e+02,  3.304e+00,  9.006e-01, -1.456e+00, -1.635e+00,  5.367e-03, -2.850e-03, -4.608e-03, -5.173e-03,
 6.577e+05, -1.371e+00,  1.358e+00, -4.568e+00,  2.400e+00, -1.600e+01,  1.042e+00, -1.897e+01, -2.050e-16,  1.104e+02,  1.888e+02,  2.311e+02, -3.949e+02,  1.902e+00,  1.372e+00, -8.025e-01,  1.835e+00,  9.805e-03, -4.341e-03, -2.540e-03,  5.806e-03,
 6.644e+05, -2.286e+00,  3.345e-01,  2.043e+00,  5.700e-01, -1.725e+01,  2.355e-01, -1.737e+01,  0.000e+00,  5.058e+02,  1.214e+02,  1.867e+02, -4.503e+01,  3.118e+00,  2.779e-01,  2.194e+00,  9.887e-01,  5.954e-03, -8.794e-04,  6.942e-03,  3.129e-03,
 6.711e+05, -3.762e+00, -2.097e+00, -4.442e+00, -9.251e-01, -1.546e+01,  1.171e+00, -1.957e+01, -1.275e-16,  1.136e+02,  2.692e+02,  1.332e+02, -3.155e+02,  2.359e+00,  1.655e+00,  1.603e-01, -1.862e+00,  8.357e-03, -5.237e-03,  5.074e-04, -5.892e-03,
 6.779e+05,  8.601e-01,  2.976e+00, -8.641e-01,  3.006e+00, -1.708e+01,  3.025e-02, -1.708e+01, -4.430e-17,  2.590e+02,  7.838e+00,  3.852e+02, -1.149e+01,  2.253e+00,  3.745e-02, -2.460e+00,  3.697e-01,  8.694e-03, -1.185e-04, -7.784e-03,  1.170e-03,
 6.846e+05, -4.940e+00,  8.121e-01, -2.823e+00,  1.961e+00, -1.561e+01,  1.149e+00, -1.949e+01,  7.713e-17,  1.649e+02,  3.679e+02,  1.015e+02, -2.265e+02,  2.928e+00,  1.585e+00,  4.890e-01,  1.821e+00,  6.558e-03, -5.017e-03,  1.547e-03,  5.761e-03,
 6.913e+05,  1.571e+00, -1.226e+00, -3.919e+00, -5.230e-01, -1.697e+01,  7.026e-01, -1.815e+01,  5.659e-17,  1.282e+02,  1.085e+02,  4.549e+02, -3.843e+02,  1.643e+00,  8.203e-01,  1.591e+00, -1.520e+00,  1.062e-02, -2.596e-03,  5.035e-03, -4.811e-03,
 6.980e+05, -4.315e+00, -2.572e+00,  9.291e-01, -1.745e+00, -1.673e+01,  8.269e-01, -1.843e+01,  6.039e-17,  3.914e+02,  4.253e+02,  1.171e+02, -1.275e+02,  3.359e+00,  9.863e-01, -1.398e+00, -1.608e+00,  5.192e-03, -3.121e-03, -4.424e-03, -5.088e-03,
 7.047e+05, -2.833e+00,  1.195e+00, -5.227e+00,  2.359e+00, -1.559e+01,  1.164e+00, -1.962e+01,  1.193e-16,  9.484e+01,  2.203e+02,  1.650e+02, -3.831e+02,  2.013e+00,  1.602e+00, -5.418e-01,  1.776e+00,  9.452e-03, -5.069e-03, -1.714e-03,  5.620e-03,
 7.114e+05, -8.444e-01,  1.264e-01,  8.412e-01,  1.535e-01, -1.708e+01,  2.705e-02, -1.708e+01,  0.000e+00,  3.835e+02,  1.038e+01,  2.602e+02, -7.143e+00,  2.742e+00,  3.350e-02,  2.464e+00,  3.438e-01,  7.146e-03, -1.060e-04,  7.798e-03,  1.088e-03,
 7.181e+05, -5.334e+00, -2.288e+00, -4.023e+00, -1.065e+00, -1.534e+01,  1.223e+00, -2.002e+01,  8.705e-17,  1.251e+02,  3.455e+02,  9.268e+01, -2.560e+02,  2.780e+00,  1.739e+00, -2.806e-01, -1.752e+00,  7.024e-03, -5.502e-03, -8.880e-04, -5.544e-03,
 7.248e+05,  1.668e+00,  1.926e+00, -4.080e+00,  2.638e+00, -1.700e+01,  7.113e-01, -1.821e+01, -5.745e-17,  1.235e+02,  1.064e+02,  4.651e+02, -4.000e+02,  1.604e+00,  8.224e-01, -1.611e+00,  1.476e+00,  1.075e-02, -2.602e-03, -5.097e-03,  4.669e-03,
 7.315e+05, -4.508e+00,  5.474e-01,  1.025e+00,  1.384e+00, -1.677e+01,  8.371e-01, -1.851e+01, -6.154e-17,  4.001e+02,  4.438e+02,  1.120e+02, -1.244e+02,  3.406e+00,  9.878e-01,  1.425e+00,  1.557e+00,  5.045e-03, -3.126e-03,  4.509e-03,  4.927e-03,
 7.383e+05, -4.202e+00, -2.074e+00, -5.694e+00, -8.285e-01, -1.528e+01,  1.245e+00, -2.023e+01,  0.000e+00,  8.518e+01,  2.521e+02,  1.204e+02, -3.561e+02,  2.177e+00,  1.774e+00,  3.119e-01, -1.703e+00,  8.934e-03, -5.615e-03,  9.870e-04, -5.389e-03,
 7.450e+05,  1.274e+00,  2.902e+00, -1.291e+00,  2.964e+00, -1.713e+01,  6.234e-02, -1.714e+01,  4.486e-17,  2.347e+02,  1.465e+01,  4.238e+02, -2.621e+01,  2.133e+00,  7.627e-02, -2.421e+00,  5.007e-01,  9.073e-03, -2.414e-04, -7.660e-03,  1.584e-03,
 7.517e+05, -5.822e+00,  7.097e-01, -2.535e+00,  1.889e+00, -1.565e+01,  1.179e+00, -1.983e+01, -8.348e-17,  1.763e+02,  4.263e+02,  8.280e+01, -2.004e+02,  3.166e+00,  1.588e+00,  6.990e-01,  1.672e+00,  5.804e-03, -5.027e-03,  2.212e-03,  5.290e-03,
 7.584e+05, -2.655e+00, -1.896e+00, -5.920e+00, -7.072e-01, -1.562e+01,  1.189e+00, -1.991e+01,  1.700e-16,  8.085e+01,  2.014e+02,  1.719e+02, -4.278e+02,  1.834e+00,  1.607e+00,  6.895e-01, -1.658e+00,  1.002e-02, -5.084e-03,  2.182e-03, -5.248e-03,
 7.651e+05, -9.508e-01, -3.011e+00,  9.463e-01, -2.979e+00, -1.709e+01,  3.197e-02, -1.709e+01,  2.220e-17,  3.929e+02,  1.257e+01,  2.539e+02, -8.227e+00,  2.772e+00,  3.950e-02, -2.459e+00, -3.594e-01,  7.051e-03, -1.250e-04, -7.781e-03, -1.137e-03,
 7.718e+05, -6.315e+00,  7.674e-01, -4.090e+00,  2.032e+00, -1.528e+01,  1.264e+00, -2.048e+01,  4.849e-17,  1.232e+02,  3.893e+02,  7.392e+01, -2.336e+02,  2.985e+00,  1.786e+00,  4.394e-01,  1.623e+00,  6.376e-03, -5.650e-03,  1.390e-03,  5.135e-03,
 7.785e+05, -2.321e+00, -1.852e+00, -6.081e+00, -6.715e-01, -1.572e+01,  1.181e+00, -1.992e+01, -1.702e-16,  7.791e+01,  1.896e+02,  1.857e+02, -4.514e+02,  1.743e+00,  1.567e+00,  7.818e-01, -1.615e+00,  1.031e-02, -4.960e-03,  2.474e-03, -5.112e-03,
 7.852e+05, -1.124e+00, -2.993e+00,  1.116e+00, -2.949e+00, -1.711e+01,  4.388e-02, -1.711e+01,  0.000e+00,  4.086e+02,  1.794e+01,  2.439e+02, -1.083e+01,  2.821e+00,  5.395e-02, -2.444e+00, -4.134e-01,  6.896e-03, -1.707e-04, -7.734e-03, -1.308e-03,
 7.919e+05, -6.642e+00,  7.382e-01, -4.070e+00,  2.013e+00, -1.528e+01,  1.275e+00, -2.064e+01, -2.010e-16,  1.238e+02,  4.065e+02,  6.855e+01, -2.252e+02,  3.063e+00,  1.791e+00,  4.935e-01,  1.576e+00,  6.131e-03, -5.667e-03,  1.562e-03,  4.987e-03,
 7.987e+05, -4.045e+00, -2.005e+00, -6.736e+00, -7.271e-01, -1.529e+01,  1.278e+00, -2.068e+01,  1.015e-16,  6.700e+01,  2.219e+02,  1.248e+02, -4.131e+02,  1.912e+00,  1.790e+00,  5.148e-01, -1.561e+00,  9.773e-03, -5.663e-03,  1.629e-03, -4.940e-03,
 8.054e+05,  1.539e+00,  2.861e+00, -1.571e+00,  2.947e+00, -1.717e+01,  8.599e-02, -1.718e+01,  4.536e-17,  2.201e+02,  1.897e+01,  4.504e+02, -3.853e+01,  2.056e+00,  1.042e-01, -2.394e+00,  5.599e-01,  9.315e-03, -3.297e-04, -7.574e-03,  1.772e-03,
 8.121e+05, -6.175e+00,  6.121e-01, -1.501e+00,  1.757e+00, -1.596e+01,  1.145e+00, -1.980e+01,  8.285e-17,  2.237e+02,  4.929e+02,  7.632e+01, -1.683e+02,  3.404e+00,  1.458e+00,  9.569e-01,  1.547e+00,  5.052e-03, -4.613e-03,  3.028e-03,  4.895e-03,
 8.188e+05, -6.757e+00, -2.232e+00, -7.039e+00, -8.673e-01, -1.484e+01,  1.365e+00, -2.173e+01, -1.212e-16,  6.248e+01,  2.994e+02,  6.680e+01, -3.201e+02,  2.432e+00,  2.031e+00,  4.970e-02, -1.455e+00,  8.125e-03, -6.428e-03,  1.573e-04, -4.604e-03,
 8.255e+05, -9.024e-01,  1.456e+00, -6.056e+00,  2.562e+00, -1.615e+01,  1.105e+00, -1.963e+01, -7.963e-17,  7.836e+01,  1.560e+02,  2.574e+02, -5.119e+02,  1.536e+00,  1.371e+00, -1.069e+00,  1.516e+00,  1.096e-02, -4.337e-03, -3.383e-03,  4.799e-03,
 8.322e+05, -1.370e+00,  1.668e-01,  1.353e+00,  2.288e-01, -1.714e+01,  6.202e-02, -1.715e+01,  2.249e-17,  4.315e+02,  2.680e+01,  2.305e+02, -1.444e+01,  2.889e+00,  7.567e-02,  2.423e+00,  4.734e-01,  6.680e-03, -2.395e-04,  7.666e-03,  1.498e-03,
 8.389e+05, -7.080e+00, -2.489e+00, -3.256e+00, -1.227e+00, -1.550e+01,  1.262e+00, -2.067e+01, -1.516e-16,  1.493e+02,  4.675e+02,  6.197e+01, -1.942e+02,  3.310e+00,  1.698e+00, -7.080e-01, -1.487e+00,  5.347e-03, -5.373e-03, -2.240e-03, -4.704e-03,
 8.456e+05, -7.648e+00,  8.708e-01, -7.617e+00,  2.268e+00, -1.472e+01,  1.397e+00, -2.235e+01, -1.089e-16,  5.470e+01,  3.124e+02,  5.440e+01, -3.107e+02,  2.508e+00,  2.100e+00,  3.824e-03,  1.356e+00,  7.887e-03, -6.646e-03,  1.210e-05,  4.291e-03,
 8.524e+05, -4.245e+00, -1.984e+00, -7.578e+00, -6.726e-01, -1.527e+01,  1.312e+00, -2.118e+01, -5.692e-17,  5.519e+01,  2.081e+02,  1.192e+02, -4.491e+02,  1.761e+00,  1.816e+00,  5.859e-01, -1.437e+00,  1.025e-02, -5.746e-03,  1.854e-03, -4.547e-03,
 8.591e+05,  2.620e+00,  2.238e+00, -3.866e+00,  2.761e+00, -1.737e+01,  5.230e-01, -1.799e+01,  5.463e-17,  1.297e+02,  7.480e+01,  5.787e+02, -3.327e+02,  1.552e+00,  5.785e-01, -1.913e+00,  1.166e+00,  1.091e-02, -1.831e-03, -6.053e-03,  3.689e-03,
 8.658e+05, -3.316e+00,  3.351e-01,  2.678e+00,  7.137e-01, -1.741e+01,  3.787e-01, -1.773e+01,  5.137e-17,  5.854e+02,  2.329e+02,  1.473e+02, -5.881e+01,  3.357e+00,  4.246e-01,  2.069e+00,  1.027e+00,  5.200e-03, -1.344e-03,  6.547e-03,  3.251e-03,
 8.725e+05, -7.418e+00, -2.523e+00, -3.113e+00, -1.254e+00, -1.556e+01,  1.269e+00, -2.082e+01,  0.000e+00,  1.543e+02,  4.953e+02,  5.732e+01, -1.841e+02,  3.407e+00,  1.677e+00, -7.677e-01, -1.423e+00,  5.041e-03, -5.309e-03, -2.429e-03, -4.502e-03,
 8.792e+05, -8.906e+00,  7.505e-01, -7.198e+00,  2.164e+00, -1.473e+01,  1.414e+00, -2.278e+01, -4.117e-17,  6.025e+01,  3.800e+02,  4.070e+01, -2.568e+02,  2.921e+00,  2.100e+00,  2.526e-01,  1.265e+00,  6.579e-03, -6.644e-03,  7.992e-04,  4.004e-03,
 8.859e+05, -9.005e+00, -2.298e+00, -8.914e+00, -8.543e-01, -1.455e+01,  1.443e+00, -2.351e+01, -9.573e-17,  4.058e+01,  3.168e+02,  3.980e+01, -3.107e+02,  2.523e+00,  2.200e+00, -1.164e-02, -1.187e+00,  7.837e-03, -6.962e-03, -3.682e-05, -3.756e-03,
 8.926e+05, -8.342e+00,  9.234e-01, -9.453e+00,  2.365e+00, -1.459e+01,  1.442e+00, -2.348e+01, -7.253e-17,  3.584e+01,  2.757e+02,  4.638e+01, -3.567e+02,  2.218e+00,  2.180e+00, -1.537e-01,  1.180e+00,  8.804e-03, -6.899e-03, -4.864e-04,  3.736e-03,
 8.993e+05, -7.416e+00, -2.150e+00, -9.449e+00, -7.228e-01, -1.471e+01,  1.427e+00, -2.315e+01, -4.474e-17,  3.588e+01,  2.475e+02,  5.741e+01, -3.958e+02,  1.996e+00,  2.113e+00,  2.882e-01, -1.204e+00,  9.507e-03, -6.686e-03,  9.122e-04, -3.809e-03,
 9.060e+05, -6.750e+00,  1.037e+00, -9.356e+00,  2.451e+00, -1.483e+01,  1.414e+00, -2.288e+01, -4.208e-17,  3.665e+01,  2.312e+02,  6.693e+01, -4.220e+02,  1.866e+00,  2.054e+00, -3.770e-01,  1.219e+00,  9.916e-03, -6.501e-03, -1.193e-03,  3.858e-03,
 9.128e+05, -6.828e+00, -2.102e+00, -9.517e+00, -6.839e-01, -1.482e+01,  1.418e+00, -2.299e+01, -4.321e-17,  3.532e+01,  2.292e+02,  6.574e+01, -4.263e+02,  1.845e+00,  2.058e+00,  3.829e-01, -1.200e+00,  9.984e-03, -6.512e-03,  1.212e-03, -3.797e-03,
 9.195e+05, -7.854e+00,  9.932e-01, -1.007e+01,  2.437e+00, -1.467e+01,  1.443e+00, -2.363e+01, -5.008e-17,  3.107e+01,  2.428e+02,  5.190e+01, -4.054e+02,  1.943e+00,  2.138e+00, -2.957e-01,  1.132e+00,  9.674e-03, -6.766e-03, -9.358e-04,  3.582e-03,
 9.262e+05, -9.537e+00, -2.225e+00, -1.085e+01, -7.497e-01, -1.447e+01,  1.475e+00, -2.466e+01, -3.172e-17,  2.599e+01,  2.704e+02,  3.522e+01, -3.664e+02,  2.157e+00,  2.248e+00,  1.574e-01, -1.027e+00,  8.995e-03, -7.113e-03,  4.980e-04, -3.251e-03,
 9.329e+05, -1.113e+01,  8.316e-01, -1.125e+01,  2.326e+00, -1.435e+01,  1.495e+00, -2.554e+01,  9.945e-17,  2.369e+01,  3.108e+02,  2.438e+01, -3.199e+02,  2.468e+00,  2.317e+00, -1.357e-02,  9.395e-01,  8.012e-03, -7.331e-03, -4.296e-05,  2.973e-03,
 9.396e+05, -1.147e+01, -2.407e+00, -9.960e+00, -9.210e-01, -1.444e+01,  1.486e+00, -2.515e+01,  0.000e+00,  3.189e+01,  3.745e+02,  2.258e+01, -2.651e+02,  2.896e+00,  2.265e+00, -1.684e-01, -9.675e-01,  6.658e-03, -7.167e-03, -5.330e-04, -3.062e-03,
 9.463e+05, -7.792e+00,  5.455e-01, -2.306e+00,  1.798e+00, -1.584e+01,  1.253e+00, -2.089e+01, -5.325e-17,  1.858e+02,  5.645e+02,  5.258e+01, -1.599e+02,  3.610e+00,  1.563e+00,  9.277e-01,  1.309e+00,  4.399e-03, -4.948e-03,  2.936e-03,  4.142e-03,
 9.530e+05, -2.606e+00,  1.323e+00, -8.000e+00,  2.594e+00, -1.577e+01,  1.271e+00, -2.107e+01,  1.666e-16,  5.008e+01,  1.623e+02,  1.739e+02, -5.628e+02,  1.393e+00,  1.599e+00, -8.953e-01,  1.291e+00,  1.142e-02, -5.060e-03, -2.833e-03,  4.085e-03,
 9.597e+05, -1.322e+01, -2.332e+00, -1.322e+01, -8.089e-01, -1.423e+01,  1.523e+00, -2.745e+01, -5.523e-17,  1.506e+01,  3.159e+02,  1.506e+01, -3.159e+02,  2.502e+00,  2.384e+00, -1.345e-07, -7.538e-01,  7.906e-03, -7.543e-03, -4.255e-10, -2.386e-03,
 9.664e+05, -3.413e+00,  3.015e-01,  2.854e+00,  6.563e-01, -1.747e+01,  3.548e-01, -1.775e+01,  5.167e-17,  6.097e+02,  2.259e+02,  1.440e+02, -5.355e+01,  3.389e+00,  3.931e-01,  2.106e+00,  9.329e-01,  5.098e-03, -1.244e-03,  6.664e-03,  2.952e-03,
 9.732e+05, -1.479e+01,  7.834e-01, -1.445e+01,  2.320e+00, -1.418e+01,  1.536e+00, -2.880e+01, -5.139e-17,  1.134e+01,  3.283e+02,  1.051e+01, -3.043e+02,  2.594e+00,  2.413e+00,  2.452e-02,  6.450e-01,  7.615e-03, -7.637e-03,  7.760e-05,  2.041e-03,
 9.799e+05, -1.313e+01,  8.926e-01, -1.457e+01,  2.422e+00, -1.426e+01,  1.530e+00, -2.811e+01,  3.508e-17,  1.104e+01,  2.676e+02,  1.539e+01, -3.731e+02,  2.106e+00,  2.368e+00, -1.152e-01,  6.892e-01,  9.158e-03, -7.493e-03, -3.645e-04,  2.181e-03,
 9.866e+05, -1.416e+01,  8.830e-01, -1.552e+01,  2.421e+00, -1.422e+01,  1.538e+00, -2.906e+01, -6.554e-17,  8.858e+00,  2.701e+02,  1.213e+01, -3.699e+02,  2.124e+00,  2.391e+00, -9.767e-02,  6.185e-01,  9.101e-03, -7.566e-03, -3.091e-04,  1.957e-03,
 9.933e+05, -1.821e+01,  7.548e-01, -1.754e+01,  2.309e+00, -1.411e+01,  1.554e+00, -3.199e+01, -1.713e-16,  5.569e+00,  3.415e+02,  4.774e+00, -2.928e+02,  2.691e+00,  2.452e+00,  3.436e-02,  4.458e-01,  7.308e-03, -7.760e-03,  1.087e-04,  1.411e-03,
 1.000e+06, -2.009e+01, -2.396e+00, -1.929e+01, -8.364e-01, -1.409e+01,  1.560e+00, -3.378e+01, -1.294e-16,  3.723e+00,  3.464e+02,  3.102e+00, -2.887e+02,  2.726e+00,  2.463e+00, -3.304e-02, -3.623e-01,  7.195e-03, -7.794e-03, -1.045e-04, -1.147e-03,
